Tick;Step;DateTime;actionPoints;color;currStance;energy;hasMoved;magazineCount;movementDelay;points;stage;tagged;taggedCounter;visibilityRange;visualRange;wasTagged;wasTaggedCounter;xSpawn;ySpawn;0_Position;1_Position;ID
0;0;2019-01-01T11:00:00.0000000+01:00;10;green;standing;100;False;5;0;0;0;False;0;10.0;10.0;False;0;1.0;1.0;1,0;1,0;a3a654c1-2f8b-402c-8125-b2e7b201bfa2
0;0;2019-01-01T11:00:00.0000000+01:00;10;red;standing;100;False;5;0;0;0;False;0;10.0;10.0;False;0;1.0;50.0;1,0;50,0;adb1fb0d-b0d2-481b-a5be-aab4343e974c
1;1;2019-01-01T11:00:01.0000000+01:00;10;green;standing;100;False;5;0;0;0;False;0;10.0;10.0;False;0;1.0;1.0;1,0;2,0;a3a654c1-2f8b-402c-8125-b2e7b201bfa2
1;1;2019-01-01T11:00:01.0000000+01:00;10;red;standing;100;False;5;0;0;0;False;0;10.0;10.0;False;0;1.0;50.0;2,0;49,0;adb1fb0d-b0d2-481b-a5be-aab4343e974c
2;2;2019-01-01T11:00:02.0000000+01:00;10;green;standing;100;False;5;0;0;0;False;0;10.0;10.0;False;0;1.0;1.0;1,0;3,0;a3a654c1-2f8b-402c-8125-b2e7b201bfa2
2;2;2019-01-01T11:00:02.0000000+01:00;10;red;standing;100;False;5;0;0;0;False;0;10.0;10.0;False;0;1.0;50.0;3,0;49,0;adb1fb0d-b0d2-481b-a5be-aab4343e974c
3;3;2019-01-01T11:00:03.0000000+01:00;10;green;standing;100;False;5;0;0;0;False;0;10.0;10.0;False;0;1.0;1.0;1,0;4,0;a3a654c1-2f8b-402c-8125-b2e7b201bfa2
3;3;2019-01-01T11:00:03.0000000+01:00;10;red;standing;100;False;5;0;0;0;False;0;10.0;10.0;False;0;1.0;50.0;4,0;48,0;adb1fb0d-b0d2-481b-a5be-aab4343e974c
4;4;2019-01-01T11:00:04.0000000+01:00;10;green;standing;100;False;5;0;0;0;False;0;10.0;10.0;False;0;1.0;1.0;1,0;5,0;a3a654c1-2f8b-402c-8125-b2e7b201bfa2
4;4;2019-01-01T11:00:04.0000000+01:00;10;red;standing;100;False;5;0;0;0;False;0;10.0;10.0;False;0;1.0;50.0;5,0;47,0;adb1fb0d-b0d2-481b-a5be-aab4343e974c
5;5;2019-01-01T11:00:05.0000000+01:00;10;green;standing;100;False;5;0;0;0;False;0;10.0;10.0;False;0;1.0;1.0;1,0;6,0;a3a654c1-2f8b-402c-8125-b2e7b201bfa2
5;5;2019-01-01T11:00:05.0000000+01:00;10;red;standing;100;False;5;0;0;0;False;0;10.0;10.0;False;0;1.0;50.0;6,0;46,0;adb1fb0d-b0d2-481b-a5be-aab4343e974c
6;6;2019-01-01T11:00:06.0000000+01:00;10;green;standing;100;False;5;0;0;0;False;0;10.0;10.0;False;0;1.0;1.0;1,0;7,0;a3a654c1-2f8b-402c-8125-b2e7b201bfa2
6;6;2019-01-01T11:00:06.0000000+01:00;10;red;standing;100;False;5;0;0;0;False;0;10.0;10.0;False;0;1.0;50.0;7,0;45,0;adb1fb0d-b0d2-481b-a5be-aab4343e974c
7;7;2019-01-01T11:00:07.0000000+01:00;10;green;standing;100;False;5;0;0;0;False;0;10.0;10.0;False;0;1.0;1.0;1,0;8,0;a3a654c1-2f8b-402c-8125-b2e7b201bfa2
7;7;2019-01-01T11:00:07.0000000+01:00;10;red;standing;100;False;5;0;0;0;False;0;10.0;10.0;False;0;1.0;50.0;8,0;44,0;adb1fb0d-b0d2-481b-a5be-aab4343e974c
8;8;2019-01-01T11:00:08.0000000+01:00;10;green;standing;100;False;5;0;0;0;False;0;10.0;10.0;False;0;1.0;1.0;1,0;9,0;a3a654c1-2f8b-402c-8125-b2e7b201bfa2
8;8;2019-01-01T11:00:08.0000000+01:00;10;red;standing;100;False;5;0;0;0;False;0;10.0;10.0;False;0;1.0;50.0;9,0;43,0;adb1fb0d-b0d2-481b-a5be-aab4343e974c
9;9;2019-01-01T11:00:09.0000000+01:00;10;green;standing;100;False;5;0;0;0;False;0;10.0;10.0;False;0;1.0;1.0;1,0;10,0;a3a654c1-2f8b-402c-8125-b2e7b201bfa2
9;9;2019-01-01T11:00:09.0000000+01:00;10;red;standing;100;False;5;0;0;0;False;0;10.0;10.0;False;0;1.0;50.0;10,0;42,0;adb1fb0d-b0d2-481b-a5be-aab4343e974c
10;10;2019-01-01T11:00:10.0000000+01:00;10;green;standing;100;False;5;0;0;0;False;0;10.0;10.0;False;0;1.0;1.0;1,0;11,0;a3a654c1-2f8b-402c-8125-b2e7b201bfa2
10;10;2019-01-01T11:00:10.0000000+01:00;10;red;standing;100;False;5;0;0;0;False;0;10.0;10.0;False;0;1.0;50.0;11,0;41,0;adb1fb0d-b0d2-481b-a5be-aab4343e974c
11;11;2019-01-01T11:00:11.0000000+01:00;10;green;standing;100;False;5;0;0;0;False;0;10.0;10.0;False;0;1.0;1.0;1,0;12,0;a3a654c1-2f8b-402c-8125-b2e7b201bfa2
11;11;2019-01-01T11:00:11.0000000+01:00;10;red;standing;100;False;5;0;0;0;False;0;10.0;10.0;False;0;1.0;50.0;12,0;40,0;adb1fb0d-b0d2-481b-a5be-aab4343e974c
12;12;2019-01-01T11:00:12.0000000+01:00;10;green;standing;100;False;5;0;0;0;False;0;10.0;10.0;False;0;1.0;1.0;1,0;13,0;a3a654c1-2f8b-402c-8125-b2e7b201bfa2
12;12;2019-01-01T11:00:12.0000000+01:00;10;red;standing;100;False;5;0;0;0;False;0;10.0;10.0;False;0;1.0;50.0;13,0;39,0;adb1fb0d-b0d2-481b-a5be-aab4343e974c
13;13;2019-01-01T11:00:13.0000000+01:00;10;green;standing;100;False;5;0;0;0;False;0;10.0;10.0;False;0;1.0;1.0;1,0;14,0;a3a654c1-2f8b-402c-8125-b2e7b201bfa2
13;13;2019-01-01T11:00:13.0000000+01:00;10;red;standing;100;False;5;0;0;0;False;0;10.0;10.0;False;0;1.0;50.0;14,0;38,0;adb1fb0d-b0d2-481b-a5be-aab4343e974c
14;14;2019-01-01T11:00:14.0000000+01:00;10;green;standing;100;False;5;0;0;0;False;0;10.0;10.0;False;0;1.0;1.0;1,0;15,0;a3a654c1-2f8b-402c-8125-b2e7b201bfa2
14;14;2019-01-01T11:00:14.0000000+01:00;10;red;standing;100;False;5;0;0;0;False;0;10.0;10.0;False;0;1.0;50.0;15,0;37,0;adb1fb0d-b0d2-481b-a5be-aab4343e974c
15;15;2019-01-01T11:00:15.0000000+01:00;10;green;standing;100;False;5;0;0;0;False;0;10.0;10.0;False;0;1.0;1.0;1,0;16,0;a3a654c1-2f8b-402c-8125-b2e7b201bfa2
15;15;2019-01-01T11:00:15.0000000+01:00;10;red;standing;100;False;5;0;0;0;False;0;10.0;10.0;False;0;1.0;50.0;16,0;36,0;adb1fb0d-b0d2-481b-a5be-aab4343e974c
16;16;2019-01-01T11:00:16.0000000+01:00;10;green;standing;100;False;5;0;0;0;False;0;10.0;10.0;False;0;1.0;1.0;2,0;17,0;a3a654c1-2f8b-402c-8125-b2e7b201bfa2
16;16;2019-01-01T11:00:16.0000000+01:00;10;red;standing;100;False;5;0;0;0;False;0;10.0;10.0;False;0;1.0;50.0;17,0;35,0;adb1fb0d-b0d2-481b-a5be-aab4343e974c
17;17;2019-01-01T11:00:17.0000000+01:00;10;green;standing;100;False;5;0;0;0;False;0;10.0;10.0;False;0;1.0;1.0;3,0;18,0;a3a654c1-2f8b-402c-8125-b2e7b201bfa2
17;17;2019-01-01T11:00:17.0000000+01:00;10;red;standing;100;False;5;0;0;0;False;0;10.0;10.0;False;0;1.0;50.0;18,0;34,0;adb1fb0d-b0d2-481b-a5be-aab4343e974c
18;18;2019-01-01T11:00:18.0000000+01:00;10;green;standing;100;False;5;0;0;0;False;0;10.0;10.0;False;0;1.0;1.0;4,0;19,0;a3a654c1-2f8b-402c-8125-b2e7b201bfa2
18;18;2019-01-01T11:00:18.0000000+01:00;10;red;standing;100;False;5;0;0;0;False;0;10.0;10.0;False;0;1.0;50.0;19,0;33,0;adb1fb0d-b0d2-481b-a5be-aab4343e974c
19;19;2019-01-01T11:00:19.0000000+01:00;10;green;standing;100;False;5;0;0;0;False;0;10.0;10.0;False;0;1.0;1.0;5,0;20,0;a3a654c1-2f8b-402c-8125-b2e7b201bfa2
19;19;2019-01-01T11:00:19.0000000+01:00;10;red;standing;100;False;5;0;0;0;False;0;10.0;10.0;False;0;1.0;50.0;20,0;32,0;adb1fb0d-b0d2-481b-a5be-aab4343e974c
20;20;2019-01-01T11:00:20.0000000+01:00;10;green;standing;100;False;5;0;0;0;False;0;10.0;10.0;False;0;1.0;1.0;6,0;20,0;a3a654c1-2f8b-402c-8125-b2e7b201bfa2
20;20;2019-01-01T11:00:20.0000000+01:00;10;red;standing;100;False;5;0;0;0;False;0;10.0;10.0;False;0;1.0;50.0;21,0;31,0;adb1fb0d-b0d2-481b-a5be-aab4343e974c
21;21;2019-01-01T11:00:21.0000000+01:00;10;green;standing;100;False;5;0;0;0;False;0;10.0;10.0;False;0;1.0;1.0;7,0;20,0;a3a654c1-2f8b-402c-8125-b2e7b201bfa2
21;21;2019-01-01T11:00:21.0000000+01:00;10;red;standing;100;False;5;0;0;0;False;0;10.0;10.0;False;0;1.0;50.0;22,0;30,0;adb1fb0d-b0d2-481b-a5be-aab4343e974c
22;22;2019-01-01T11:00:22.0000000+01:00;10;green;standing;100;False;5;0;0;0;False;0;10.0;10.0;False;0;1.0;1.0;8,0;20,0;a3a654c1-2f8b-402c-8125-b2e7b201bfa2
22;22;2019-01-01T11:00:22.0000000+01:00;10;red;standing;100;False;5;0;0;0;False;0;10.0;10.0;False;0;1.0;50.0;23,0;29,0;adb1fb0d-b0d2-481b-a5be-aab4343e974c
23;23;2019-01-01T11:00:23.0000000+01:00;10;green;standing;100;False;5;0;0;0;False;0;10.0;10.0;False;0;1.0;1.0;9,0;20,0;a3a654c1-2f8b-402c-8125-b2e7b201bfa2
23;23;2019-01-01T11:00:23.0000000+01:00;10;red;standing;100;False;5;0;0;0;False;0;10.0;10.0;False;0;1.0;50.0;24,0;28,0;adb1fb0d-b0d2-481b-a5be-aab4343e974c
24;24;2019-01-01T11:00:24.0000000+01:00;10;green;standing;100;False;5;0;0;0;False;0;10.0;10.0;False;0;1.0;1.0;10,0;19,0;a3a654c1-2f8b-402c-8125-b2e7b201bfa2
24;24;2019-01-01T11:00:24.0000000+01:00;10;red;standing;100;False;5;0;0;0;False;0;10.0;10.0;False;0;1.0;50.0;25,0;27,0;adb1fb0d-b0d2-481b-a5be-aab4343e974c
25;25;2019-01-01T11:00:25.0000000+01:00;10;green;standing;100;False;5;0;0;0;False;0;10.0;10.0;False;0;1.0;1.0;10,0;18,0;a3a654c1-2f8b-402c-8125-b2e7b201bfa2
25;25;2019-01-01T11:00:25.0000000+01:00;10;red;standing;100;False;5;0;0;1;False;0;10.0;10.0;False;0;1.0;50.0;26,0;26,0;adb1fb0d-b0d2-481b-a5be-aab4343e974c
26;26;2019-01-01T11:00:26.0000000+01:00;10;green;standing;100;False;5;0;0;0;False;0;10.0;10.0;False;0;1.0;1.0;10,0;17,0;a3a654c1-2f8b-402c-8125-b2e7b201bfa2
26;26;2019-01-01T11:00:26.0000000+01:00;10;red;standing;100;False;5;0;0;1;False;0;10.0;10.0;False;0;1.0;50.0;25,0;27,0;adb1fb0d-b0d2-481b-a5be-aab4343e974c
27;27;2019-01-01T11:00:27.0000000+01:00;10;green;standing;100;False;5;0;0;0;False;0;10.0;10.0;False;0;1.0;1.0;10,0;16,0;a3a654c1-2f8b-402c-8125-b2e7b201bfa2
27;27;2019-01-01T11:00:27.0000000+01:00;10;red;standing;100;False;5;0;0;1;False;0;10.0;10.0;False;0;1.0;50.0;24,0;26,0;adb1fb0d-b0d2-481b-a5be-aab4343e974c
28;28;2019-01-01T11:00:28.0000000+01:00;10;green;standing;100;False;5;0;0;0;False;0;10.0;10.0;False;0;1.0;1.0;10,0;15,0;a3a654c1-2f8b-402c-8125-b2e7b201bfa2
28;28;2019-01-01T11:00:28.0000000+01:00;10;red;standing;100;False;5;0;0;2;False;0;7.0;7.0;False;0;1.0;50.0;23,0;25,0;adb1fb0d-b0d2-481b-a5be-aab4343e974c
29;29;2019-01-01T11:00:29.0000000+01:00;10;green;standing;100;False;5;0;0;0;False;0;10.0;10.0;False;0;1.0;1.0;9,0;14,0;a3a654c1-2f8b-402c-8125-b2e7b201bfa2
29;29;2019-01-01T11:00:29.0000000+01:00;10;red;standing;100;False;5;0;0;2;False;0;7.0;7.0;False;0;1.0;50.0;23,0;25,0;adb1fb0d-b0d2-481b-a5be-aab4343e974c
30;30;2019-01-01T11:00:30.0000000+01:00;10;green;standing;100;False;5;0;0;0;False;0;10.0;10.0;False;0;1.0;1.0;8,0;13,0;a3a654c1-2f8b-402c-8125-b2e7b201bfa2
30;30;2019-01-01T11:00:30.0000000+01:00;10;red;standing;100;False;5;0;0;2;False;0;7.0;7.0;False;0;1.0;50.0;23,0;25,0;adb1fb0d-b0d2-481b-a5be-aab4343e974c
31;31;2019-01-01T11:00:31.0000000+01:00;10;green;standing;100;False;5;0;0;0;False;0;10.0;10.0;False;0;1.0;1.0;7,0;12,0;a3a654c1-2f8b-402c-8125-b2e7b201bfa2
31;31;2019-01-01T11:00:31.0000000+01:00;10;red;standing;100;False;5;0;0;2;False;0;7.0;7.0;False;0;1.0;50.0;23,0;25,0;adb1fb0d-b0d2-481b-a5be-aab4343e974c
32;32;2019-01-01T11:00:32.0000000+01:00;10;green;standing;100;False;5;0;0;0;False;0;10.0;10.0;False;0;1.0;1.0;7,0;11,0;a3a654c1-2f8b-402c-8125-b2e7b201bfa2
32;32;2019-01-01T11:00:32.0000000+01:00;10;red;standing;100;False;5;0;0;2;False;0;7.0;7.0;False;0;1.0;50.0;23,0;25,0;adb1fb0d-b0d2-481b-a5be-aab4343e974c
33;33;2019-01-01T11:00:33.0000000+01:00;10;green;standing;100;False;5;0;0;0;False;0;10.0;10.0;False;0;1.0;1.0;7,0;10,0;a3a654c1-2f8b-402c-8125-b2e7b201bfa2
33;33;2019-01-01T11:00:33.0000000+01:00;10;red;standing;100;False;5;0;0;2;False;0;7.0;7.0;False;0;1.0;50.0;23,0;25,0;adb1fb0d-b0d2-481b-a5be-aab4343e974c
34;34;2019-01-01T11:00:34.0000000+01:00;10;green;standing;100;False;5;0;0;0;False;0;10.0;10.0;False;0;1.0;1.0;7,0;9,0;a3a654c1-2f8b-402c-8125-b2e7b201bfa2
34;34;2019-01-01T11:00:34.0000000+01:00;10;red;standing;100;False;5;0;0;2;False;0;7.0;7.0;False;0;1.0;50.0;23,0;25,0;adb1fb0d-b0d2-481b-a5be-aab4343e974c
35;35;2019-01-01T11:00:35.0000000+01:00;10;green;standing;100;False;5;0;0;0;False;0;10.0;10.0;False;0;1.0;1.0;7,0;8,0;a3a654c1-2f8b-402c-8125-b2e7b201bfa2
35;35;2019-01-01T11:00:35.0000000+01:00;10;red;standing;100;False;5;0;0;2;False;0;7.0;7.0;False;0;1.0;50.0;23,0;25,0;adb1fb0d-b0d2-481b-a5be-aab4343e974c
36;36;2019-01-01T11:00:36.0000000+01:00;10;green;standing;100;False;5;0;0;0;False;0;10.0;10.0;False;0;1.0;1.0;7,0;7,0;a3a654c1-2f8b-402c-8125-b2e7b201bfa2
36;36;2019-01-01T11:00:36.0000000+01:00;10;red;standing;100;False;5;0;0;2;False;0;7.0;7.0;False;0;1.0;50.0;23,0;25,0;adb1fb0d-b0d2-481b-a5be-aab4343e974c
37;37;2019-01-01T11:00:37.0000000+01:00;10;green;standing;100;False;5;0;0;0;False;0;10.0;10.0;False;0;1.0;1.0;8,0;6,0;a3a654c1-2f8b-402c-8125-b2e7b201bfa2
37;37;2019-01-01T11:00:37.0000000+01:00;10;red;standing;100;False;5;0;0;2;False;0;7.0;7.0;False;0;1.0;50.0;23,0;25,0;adb1fb0d-b0d2-481b-a5be-aab4343e974c
38;38;2019-01-01T11:00:38.0000000+01:00;10;green;standing;100;False;5;0;0;0;False;0;10.0;10.0;False;0;1.0;1.0;9,0;6,0;a3a654c1-2f8b-402c-8125-b2e7b201bfa2
38;38;2019-01-01T11:00:38.0000000+01:00;10;red;standing;100;False;5;0;0;2;False;0;7.0;7.0;False;0;1.0;50.0;23,0;25,0;adb1fb0d-b0d2-481b-a5be-aab4343e974c
39;39;2019-01-01T11:00:39.0000000+01:00;10;green;standing;100;False;5;0;0;0;False;0;10.0;10.0;False;0;1.0;1.0;10,0;6,0;a3a654c1-2f8b-402c-8125-b2e7b201bfa2
39;39;2019-01-01T11:00:39.0000000+01:00;10;red;standing;100;False;5;0;0;2;False;0;7.0;7.0;False;0;1.0;50.0;23,0;25,0;adb1fb0d-b0d2-481b-a5be-aab4343e974c
40;40;2019-01-01T11:00:40.0000000+01:00;10;green;standing;100;False;5;0;0;0;False;0;10.0;10.0;False;0;1.0;1.0;11,0;6,0;a3a654c1-2f8b-402c-8125-b2e7b201bfa2
40;40;2019-01-01T11:00:40.0000000+01:00;10;red;standing;100;False;5;0;0;2;False;0;7.0;7.0;False;0;1.0;50.0;23,0;25,0;adb1fb0d-b0d2-481b-a5be-aab4343e974c
41;41;2019-01-01T11:00:41.0000000+01:00;10;green;standing;100;False;5;0;0;0;False;0;10.0;10.0;False;0;1.0;1.0;12,0;6,0;a3a654c1-2f8b-402c-8125-b2e7b201bfa2
41;41;2019-01-01T11:00:41.0000000+01:00;10;red;standing;100;False;5;0;0;2;False;0;7.0;7.0;False;0;1.0;50.0;23,0;25,0;adb1fb0d-b0d2-481b-a5be-aab4343e974c
42;42;2019-01-01T11:00:42.0000000+01:00;10;green;standing;100;False;5;0;0;0;False;0;10.0;10.0;False;0;1.0;1.0;13,0;6,0;a3a654c1-2f8b-402c-8125-b2e7b201bfa2
42;42;2019-01-01T11:00:42.0000000+01:00;10;red;standing;100;False;5;0;0;2;False;0;7.0;7.0;False;0;1.0;50.0;23,0;25,0;adb1fb0d-b0d2-481b-a5be-aab4343e974c
43;43;2019-01-01T11:00:43.0000000+01:00;10;green;standing;100;False;5;0;0;0;False;0;10.0;10.0;False;0;1.0;1.0;14,0;6,0;a3a654c1-2f8b-402c-8125-b2e7b201bfa2
43;43;2019-01-01T11:00:43.0000000+01:00;10;red;standing;100;False;5;0;0;2;False;0;7.0;7.0;False;0;1.0;50.0;23,0;25,0;adb1fb0d-b0d2-481b-a5be-aab4343e974c
44;44;2019-01-01T11:00:44.0000000+01:00;10;green;standing;100;False;5;0;0;0;False;0;10.0;10.0;False;0;1.0;1.0;15,0;7,0;a3a654c1-2f8b-402c-8125-b2e7b201bfa2
44;44;2019-01-01T11:00:44.0000000+01:00;10;red;standing;100;False;5;0;0;2;False;0;7.0;7.0;False;0;1.0;50.0;23,0;25,0;adb1fb0d-b0d2-481b-a5be-aab4343e974c
45;45;2019-01-01T11:00:45.0000000+01:00;10;green;standing;100;False;5;0;0;0;False;0;10.0;10.0;False;0;1.0;1.0;15,0;8,0;a3a654c1-2f8b-402c-8125-b2e7b201bfa2
45;45;2019-01-01T11:00:45.0000000+01:00;10;red;standing;100;False;5;0;0;2;False;0;7.0;7.0;False;0;1.0;50.0;23,0;25,0;adb1fb0d-b0d2-481b-a5be-aab4343e974c
46;46;2019-01-01T11:00:46.0000000+01:00;10;green;standing;100;False;5;0;0;0;False;0;10.0;10.0;False;0;1.0;1.0;15,0;9,0;a3a654c1-2f8b-402c-8125-b2e7b201bfa2
46;46;2019-01-01T11:00:46.0000000+01:00;10;red;standing;100;False;5;0;0;2;False;0;7.0;7.0;False;0;1.0;50.0;23,0;25,0;adb1fb0d-b0d2-481b-a5be-aab4343e974c
47;47;2019-01-01T11:00:47.0000000+01:00;10;green;standing;100;False;5;0;0;0;False;0;10.0;10.0;False;0;1.0;1.0;15,0;10,0;a3a654c1-2f8b-402c-8125-b2e7b201bfa2
47;47;2019-01-01T11:00:47.0000000+01:00;10;red;standing;100;False;5;0;0;2;False;0;7.0;7.0;False;0;1.0;50.0;23,0;25,0;adb1fb0d-b0d2-481b-a5be-aab4343e974c
48;48;2019-01-01T11:00:48.0000000+01:00;10;green;standing;100;False;5;0;0;0;False;0;10.0;10.0;False;0;1.0;1.0;15,0;11,0;a3a654c1-2f8b-402c-8125-b2e7b201bfa2
48;48;2019-01-01T11:00:48.0000000+01:00;10;red;standing;100;False;5;0;0;2;False;0;7.0;7.0;False;0;1.0;50.0;23,0;25,0;adb1fb0d-b0d2-481b-a5be-aab4343e974c
49;49;2019-01-01T11:00:49.0000000+01:00;10;green;standing;100;False;5;0;0;0;False;0;10.0;10.0;False;0;1.0;1.0;15,0;12,0;a3a654c1-2f8b-402c-8125-b2e7b201bfa2
49;49;2019-01-01T11:00:49.0000000+01:00;10;red;standing;100;False;5;0;0;2;False;0;7.0;7.0;False;0;1.0;50.0;23,0;25,0;adb1fb0d-b0d2-481b-a5be-aab4343e974c
50;50;2019-01-01T11:00:50.0000000+01:00;10;green;standing;100;False;5;0;0;0;False;0;10.0;10.0;False;0;1.0;1.0;15,0;13,0;a3a654c1-2f8b-402c-8125-b2e7b201bfa2
50;50;2019-01-01T11:00:50.0000000+01:00;10;red;standing;100;False;5;0;0;2;False;0;7.0;7.0;False;0;1.0;50.0;23,0;25,0;adb1fb0d-b0d2-481b-a5be-aab4343e974c
51;51;2019-01-01T11:00:51.0000000+01:00;10;green;standing;100;False;5;0;0;0;False;0;10.0;10.0;False;0;1.0;1.0;15,0;14,0;a3a654c1-2f8b-402c-8125-b2e7b201bfa2
51;51;2019-01-01T11:00:51.0000000+01:00;10;red;standing;100;False;5;0;0;2;False;0;7.0;7.0;False;0;1.0;50.0;23,0;25,0;adb1fb0d-b0d2-481b-a5be-aab4343e974c
52;52;2019-01-01T11:00:52.0000000+01:00;10;green;standing;100;False;5;0;0;0;False;0;10.0;10.0;False;0;1.0;1.0;16,0;15,0;a3a654c1-2f8b-402c-8125-b2e7b201bfa2
52;52;2019-01-01T11:00:52.0000000+01:00;10;red;standing;100;False;5;0;0;2;False;0;7.0;7.0;False;0;1.0;50.0;23,0;25,0;adb1fb0d-b0d2-481b-a5be-aab4343e974c
53;53;2019-01-01T11:00:53.0000000+01:00;10;green;standing;100;False;5;0;0;0;False;0;10.0;10.0;False;0;1.0;1.0;17,0;16,0;a3a654c1-2f8b-402c-8125-b2e7b201bfa2
53;53;2019-01-01T11:00:53.0000000+01:00;10;red;standing;100;False;5;0;0;2;False;0;7.0;7.0;False;0;1.0;50.0;23,0;25,0;adb1fb0d-b0d2-481b-a5be-aab4343e974c
54;54;2019-01-01T11:00:54.0000000+01:00;10;green;standing;100;False;5;0;0;0;False;0;10.0;10.0;False;0;1.0;1.0;18,0;17,0;a3a654c1-2f8b-402c-8125-b2e7b201bfa2
54;54;2019-01-01T11:00:54.0000000+01:00;10;red;standing;100;False;5;0;0;2;False;0;7.0;7.0;False;0;1.0;50.0;23,0;25,0;adb1fb0d-b0d2-481b-a5be-aab4343e974c
55;55;2019-01-01T11:00:55.0000000+01:00;10;green;standing;100;False;5;0;0;0;False;0;10.0;10.0;False;0;1.0;1.0;19,0;18,0;a3a654c1-2f8b-402c-8125-b2e7b201bfa2
55;55;2019-01-01T11:00:55.0000000+01:00;10;red;standing;100;False;5;0;0;2;False;0;7.0;7.0;False;0;1.0;50.0;23,0;25,0;adb1fb0d-b0d2-481b-a5be-aab4343e974c
56;56;2019-01-01T11:00:56.0000000+01:00;10;green;standing;100;False;5;0;0;0;False;0;10.0;10.0;False;0;1.0;1.0;20,0;19,0;a3a654c1-2f8b-402c-8125-b2e7b201bfa2
56;56;2019-01-01T11:00:56.0000000+01:00;10;red;standing;100;False;4;0;0;2;False;0;7.0;7.0;False;0;1.0;50.0;23,0;25,0;adb1fb0d-b0d2-481b-a5be-aab4343e974c
57;57;2019-01-01T11:00:57.0000000+01:00;10;green;standing;100;False;5;0;0;0;False;0;10.0;10.0;False;0;1.0;1.0;20,0;20,0;a3a654c1-2f8b-402c-8125-b2e7b201bfa2
57;57;2019-01-01T11:00:57.0000000+01:00;10;red;standing;100;False;3;0;0;2;False;0;7.0;7.0;False;0;1.0;50.0;23,0;25,0;adb1fb0d-b0d2-481b-a5be-aab4343e974c
58;58;2019-01-01T11:00:58.0000000+01:00;10;green;standing;100;False;5;0;0;0;False;0;10.0;10.0;False;0;1.0;1.0;21,0;21,0;a3a654c1-2f8b-402c-8125-b2e7b201bfa2
58;58;2019-01-01T11:00:58.0000000+01:00;10;red;standing;100;False;2;0;0;2;False;0;7.0;7.0;False;0;1.0;50.0;23,0;25,0;adb1fb0d-b0d2-481b-a5be-aab4343e974c
59;59;2019-01-01T11:00:59.0000000+01:00;10;green;standing;100;False;5;0;0;1;False;0;10.0;10.0;False;0;1.0;1.0;22,0;22,0;a3a654c1-2f8b-402c-8125-b2e7b201bfa2
59;59;2019-01-01T11:00:59.0000000+01:00;10;red;standing;100;False;1;0;0;2;False;0;7.0;7.0;False;0;1.0;50.0;23,0;25,0;adb1fb0d-b0d2-481b-a5be-aab4343e974c
60;60;2019-01-01T11:01:00.0000000+01:00;10;green;lying;90;False;5;2;0;2;False;0;8.0;8.0;True;1;1.0;1.0;23,0;21,0;a3a654c1-2f8b-402c-8125-b2e7b201bfa2
60;60;2019-01-01T11:01:00.0000000+01:00;10;red;standing;100;False;0;0;10;2;True;1;7.0;7.0;False;0;1.0;50.0;23,0;25,0;adb1fb0d-b0d2-481b-a5be-aab4343e974c
61;61;2019-01-01T11:01:01.0000000+01:00;10;green;lying;80;False;5;1;0;2;False;0;8.0;8.0;True;2;1.0;1.0;23,0;21,0;a3a654c1-2f8b-402c-8125-b2e7b201bfa2
61;61;2019-01-01T11:01:01.0000000+01:00;10;red;standing;100;False;4;0;20;2;True;1;7.0;7.0;False;0;1.0;50.0;23,0;25,0;adb1fb0d-b0d2-481b-a5be-aab4343e974c
62;62;2019-01-01T11:01:02.0000000+01:00;10;green;lying;70;False;5;0;0;2;False;0;8.0;8.0;True;2;1.0;1.0;23,0;21,0;a3a654c1-2f8b-402c-8125-b2e7b201bfa2
62;62;2019-01-01T11:01:02.0000000+01:00;10;red;standing;100;False;3;0;30;2;True;1;7.0;7.0;False;0;1.0;50.0;23,0;25,0;adb1fb0d-b0d2-481b-a5be-aab4343e974c
63;63;2019-01-01T11:01:03.0000000+01:00;10;green;lying;60;False;5;0;0;2;False;0;8.0;8.0;True;2;1.0;1.0;23,0;21,0;a3a654c1-2f8b-402c-8125-b2e7b201bfa2
63;63;2019-01-01T11:01:03.0000000+01:00;10;red;standing;100;False;2;0;40;2;True;1;7.0;7.0;False;0;1.0;50.0;23,0;25,0;adb1fb0d-b0d2-481b-a5be-aab4343e974c
64;64;2019-01-01T11:01:04.0000000+01:00;10;green;lying;50;False;5;0;0;2;False;0;8.0;8.0;True;2;1.0;1.0;23,0;21,0;a3a654c1-2f8b-402c-8125-b2e7b201bfa2
64;64;2019-01-01T11:01:04.0000000+01:00;10;red;standing;100;False;1;0;50;2;True;1;7.0;7.0;False;0;1.0;50.0;23,0;25,0;adb1fb0d-b0d2-481b-a5be-aab4343e974c
65;65;2019-01-01T11:01:05.0000000+01:00;10;green;lying;50;False;5;0;0;2;False;0;8.0;8.0;True;1;1.0;1.0;23,0;21,0;a3a654c1-2f8b-402c-8125-b2e7b201bfa2
65;65;2019-01-01T11:01:05.0000000+01:00;10;red;standing;100;False;0;0;50;2;True;0;7.0;7.0;False;0;1.0;50.0;23,0;25,0;adb1fb0d-b0d2-481b-a5be-aab4343e974c
66;66;2019-01-01T11:01:06.0000000+01:00;10;green;lying;50;False;5;0;0;2;False;0;8.0;8.0;True;0;1.0;1.0;23,0;21,0;a3a654c1-2f8b-402c-8125-b2e7b201bfa2
66;66;2019-01-01T11:01:06.0000000+01:00;10;red;standing;100;False;4;0;50;2;True;0;7.0;7.0;False;0;1.0;50.0;23,0;25,0;adb1fb0d-b0d2-481b-a5be-aab4343e974c
67;67;2019-01-01T11:01:07.0000000+01:00;10;green;lying;50;False;5;0;0;2;False;0;8.0;8.0;True;0;1.0;1.0;23,0;21,0;a3a654c1-2f8b-402c-8125-b2e7b201bfa2
67;67;2019-01-01T11:01:07.0000000+01:00;10;red;standing;100;False;3;0;50;2;True;0;7.0;7.0;False;0;1.0;50.0;23,0;25,0;adb1fb0d-b0d2-481b-a5be-aab4343e974c
68;68;2019-01-01T11:01:08.0000000+01:00;10;green;lying;40;False;5;0;0;2;False;0;8.0;8.0;True;2;1.0;1.0;23,0;21,0;a3a654c1-2f8b-402c-8125-b2e7b201bfa2
68;68;2019-01-01T11:01:08.0000000+01:00;10;red;standing;100;False;2;0;60;2;True;1;7.0;7.0;False;0;1.0;50.0;23,0;25,0;adb1fb0d-b0d2-481b-a5be-aab4343e974c
69;69;2019-01-01T11:01:09.0000000+01:00;10;green;lying;40;False;5;0;0;2;False;0;8.0;8.0;True;1;1.0;1.0;23,0;21,0;a3a654c1-2f8b-402c-8125-b2e7b201bfa2
69;69;2019-01-01T11:01:09.0000000+01:00;10;red;standing;100;False;1;0;60;2;True;0;7.0;7.0;False;0;1.0;50.0;23,0;25,0;adb1fb0d-b0d2-481b-a5be-aab4343e974c
70;70;2019-01-01T11:01:10.0000000+01:00;10;green;lying;30;False;5;0;0;2;False;0;8.0;8.0;True;2;1.0;1.0;23,0;21,0;a3a654c1-2f8b-402c-8125-b2e7b201bfa2
70;70;2019-01-01T11:01:10.0000000+01:00;10;red;standing;100;False;0;0;70;2;True;1;7.0;7.0;False;0;1.0;50.0;23,0;25,0;adb1fb0d-b0d2-481b-a5be-aab4343e974c
71;71;2019-01-01T11:01:11.0000000+01:00;10;green;lying;20;False;5;0;0;2;False;0;8.0;8.0;True;2;1.0;1.0;23,0;21,0;a3a654c1-2f8b-402c-8125-b2e7b201bfa2
71;71;2019-01-01T11:01:11.0000000+01:00;10;red;standing;100;False;4;0;80;2;True;1;7.0;7.0;False;0;1.0;50.0;23,0;25,0;adb1fb0d-b0d2-481b-a5be-aab4343e974c
72;72;2019-01-01T11:01:12.0000000+01:00;10;green;lying;10;False;5;0;0;2;False;0;8.0;8.0;True;2;1.0;1.0;23,0;21,0;a3a654c1-2f8b-402c-8125-b2e7b201bfa2
72;72;2019-01-01T11:01:12.0000000+01:00;10;red;standing;100;False;3;0;90;2;True;1;7.0;7.0;False;0;1.0;50.0;23,0;25,0;adb1fb0d-b0d2-481b-a5be-aab4343e974c
73;73;2019-01-01T11:01:13.0000000+01:00;10;green;lying;10;False;5;0;0;2;False;0;8.0;8.0;True;1;1.0;1.0;23,0;21,0;a3a654c1-2f8b-402c-8125-b2e7b201bfa2
73;73;2019-01-01T11:01:13.0000000+01:00;10;red;standing;100;False;2;0;90;2;True;0;7.0;7.0;False;0;1.0;50.0;23,0;25,0;adb1fb0d-b0d2-481b-a5be-aab4343e974c
74;74;2019-01-01T11:01:14.0000000+01:00;10;green;lying;10;False;5;0;0;2;False;0;8.0;8.0;True;0;1.0;1.0;23,0;21,0;a3a654c1-2f8b-402c-8125-b2e7b201bfa2
74;74;2019-01-01T11:01:14.0000000+01:00;10;red;standing;100;False;1;0;90;2;True;0;7.0;7.0;False;0;1.0;50.0;23,0;25,0;adb1fb0d-b0d2-481b-a5be-aab4343e974c
75;75;2019-01-01T11:01:15.0000000+01:00;10;green;lying;10;False;5;0;0;2;False;0;8.0;8.0;True;0;1.0;1.0;23,0;21,0;a3a654c1-2f8b-402c-8125-b2e7b201bfa2
75;75;2019-01-01T11:01:15.0000000+01:00;10;red;standing;100;False;0;0;90;2;True;0;7.0;7.0;False;0;1.0;50.0;23,0;25,0;adb1fb0d-b0d2-481b-a5be-aab4343e974c
76;76;2019-01-01T11:01:16.0000000+01:00;10;green;lying;10;False;5;0;0;2;False;0;8.0;8.0;True;0;1.0;1.0;23,0;21,0;a3a654c1-2f8b-402c-8125-b2e7b201bfa2
76;76;2019-01-01T11:01:16.0000000+01:00;10;red;standing;100;False;4;0;90;2;True;0;7.0;7.0;False;0;1.0;50.0;23,0;25,0;adb1fb0d-b0d2-481b-a5be-aab4343e974c
77;77;2019-01-01T11:01:17.0000000+01:00;10;green;lying;10;False;5;0;0;2;False;0;8.0;8.0;True;0;1.0;1.0;23,0;21,0;a3a654c1-2f8b-402c-8125-b2e7b201bfa2
77;77;2019-01-01T11:01:17.0000000+01:00;10;red;standing;100;False;3;0;90;2;True;0;7.0;7.0;False;0;1.0;50.0;23,0;25,0;adb1fb0d-b0d2-481b-a5be-aab4343e974c
78;78;2019-01-01T11:01:18.0000000+01:00;10;green;lying;10;False;5;0;0;2;False;0;8.0;8.0;True;0;1.0;1.0;23,0;21,0;a3a654c1-2f8b-402c-8125-b2e7b201bfa2
78;78;2019-01-01T11:01:18.0000000+01:00;10;red;standing;100;False;2;0;90;2;True;0;7.0;7.0;False;0;1.0;50.0;23,0;25,0;adb1fb0d-b0d2-481b-a5be-aab4343e974c
79;79;2019-01-01T11:01:19.0000000+01:00;10;green;lying;10;False;5;0;0;2;False;0;8.0;8.0;True;0;1.0;1.0;23,0;21,0;a3a654c1-2f8b-402c-8125-b2e7b201bfa2
79;79;2019-01-01T11:01:19.0000000+01:00;10;red;standing;100;False;1;0;90;2;True;0;7.0;7.0;False;0;1.0;50.0;23,0;25,0;adb1fb0d-b0d2-481b-a5be-aab4343e974c
80;80;2019-01-01T11:01:20.0000000+01:00;10;green;lying;10;False;5;0;0;2;False;0;8.0;8.0;True;0;1.0;1.0;23,0;21,0;a3a654c1-2f8b-402c-8125-b2e7b201bfa2
80;80;2019-01-01T11:01:20.0000000+01:00;10;red;standing;100;False;0;0;90;2;True;0;7.0;7.0;False;0;1.0;50.0;23,0;25,0;adb1fb0d-b0d2-481b-a5be-aab4343e974c
81;81;2019-01-01T11:01:21.0000000+01:00;10;green;lying;10;False;5;0;0;2;False;0;8.0;8.0;True;0;1.0;1.0;23,0;21,0;a3a654c1-2f8b-402c-8125-b2e7b201bfa2
81;81;2019-01-01T11:01:21.0000000+01:00;10;red;standing;100;False;4;0;90;2;True;0;7.0;7.0;False;0;1.0;50.0;23,0;25,0;adb1fb0d-b0d2-481b-a5be-aab4343e974c
82;82;2019-01-01T11:01:22.0000000+01:00;10;green;lying;10;False;5;0;0;2;False;0;8.0;8.0;True;0;1.0;1.0;23,0;21,0;a3a654c1-2f8b-402c-8125-b2e7b201bfa2
82;82;2019-01-01T11:01:22.0000000+01:00;10;red;standing;100;False;3;0;90;2;True;0;7.0;7.0;False;0;1.0;50.0;23,0;25,0;adb1fb0d-b0d2-481b-a5be-aab4343e974c
83;83;2019-01-01T11:01:23.0000000+01:00;10;green;lying;10;False;5;0;0;2;False;0;8.0;8.0;True;0;1.0;1.0;23,0;21,0;a3a654c1-2f8b-402c-8125-b2e7b201bfa2
83;83;2019-01-01T11:01:23.0000000+01:00;10;red;standing;100;False;2;0;90;2;True;0;7.0;7.0;False;0;1.0;50.0;23,0;25,0;adb1fb0d-b0d2-481b-a5be-aab4343e974c
84;84;2019-01-01T11:01:24.0000000+01:00;10;green;lying;10;False;5;0;0;2;False;0;8.0;8.0;True;0;1.0;1.0;23,0;21,0;a3a654c1-2f8b-402c-8125-b2e7b201bfa2
84;84;2019-01-01T11:01:24.0000000+01:00;10;red;standing;100;False;1;0;90;2;True;0;7.0;7.0;False;0;1.0;50.0;23,0;25,0;adb1fb0d-b0d2-481b-a5be-aab4343e974c
85;85;2019-01-01T11:01:25.0000000+01:00;10;green;lying;10;False;5;0;0;2;False;0;8.0;8.0;True;0;1.0;1.0;23,0;21,0;a3a654c1-2f8b-402c-8125-b2e7b201bfa2
85;85;2019-01-01T11:01:25.0000000+01:00;10;red;standing;100;False;0;0;90;2;True;0;7.0;7.0;False;0;1.0;50.0;23,0;25,0;adb1fb0d-b0d2-481b-a5be-aab4343e974c
86;86;2019-01-01T11:01:26.0000000+01:00;10;green;lying;10;False;5;0;0;2;False;0;8.0;8.0;True;0;1.0;1.0;23,0;21,0;a3a654c1-2f8b-402c-8125-b2e7b201bfa2
86;86;2019-01-01T11:01:26.0000000+01:00;10;red;standing;100;False;4;0;90;2;True;0;7.0;7.0;False;0;1.0;50.0;23,0;25,0;adb1fb0d-b0d2-481b-a5be-aab4343e974c
87;87;2019-01-01T11:01:27.0000000+01:00;10;green;lying;10;False;5;0;0;2;False;0;8.0;8.0;True;0;1.0;1.0;23,0;21,0;a3a654c1-2f8b-402c-8125-b2e7b201bfa2
87;87;2019-01-01T11:01:27.0000000+01:00;10;red;standing;100;False;3;0;90;2;True;0;7.0;7.0;False;0;1.0;50.0;23,0;25,0;adb1fb0d-b0d2-481b-a5be-aab4343e974c
88;88;2019-01-01T11:01:28.0000000+01:00;10;green;standing;100;False;5;0;0;0;False;0;10.0;13.0;False;0;1.0;1.0;1,0;1,0;a3a654c1-2f8b-402c-8125-b2e7b201bfa2
88;88;2019-01-01T11:01:28.0000000+01:00;10;red;standing;100;False;2;0;100;2;True;1;7.0;7.0;False;0;1.0;50.0;23,0;25,0;adb1fb0d-b0d2-481b-a5be-aab4343e974c
89;89;2019-01-01T11:01:29.0000000+01:00;10;green;standing;100;False;5;0;0;0;False;0;10.0;13.0;False;0;1.0;1.0;1,0;2,0;a3a654c1-2f8b-402c-8125-b2e7b201bfa2
89;89;2019-01-01T11:01:29.0000000+01:00;10;red;standing;100;False;2;0;100;2;True;0;7.0;7.0;False;0;1.0;50.0;23,0;25,0;adb1fb0d-b0d2-481b-a5be-aab4343e974c
90;90;2019-01-01T11:01:30.0000000+01:00;10;green;standing;100;False;5;0;0;0;False;0;10.0;13.0;False;0;1.0;1.0;1,0;3,0;a3a654c1-2f8b-402c-8125-b2e7b201bfa2
90;90;2019-01-01T11:01:30.0000000+01:00;10;red;standing;100;False;2;0;100;2;True;0;7.0;7.0;False;0;1.0;50.0;23,0;25,0;adb1fb0d-b0d2-481b-a5be-aab4343e974c
91;91;2019-01-01T11:01:31.0000000+01:00;10;green;standing;100;False;5;0;0;0;False;0;10.0;13.0;False;0;1.0;1.0;1,0;4,0;a3a654c1-2f8b-402c-8125-b2e7b201bfa2
91;91;2019-01-01T11:01:31.0000000+01:00;10;red;standing;100;False;2;0;100;2;True;0;7.0;7.0;False;0;1.0;50.0;23,0;25,0;adb1fb0d-b0d2-481b-a5be-aab4343e974c
92;92;2019-01-01T11:01:32.0000000+01:00;10;green;standing;100;False;5;0;0;0;False;0;10.0;13.0;False;0;1.0;1.0;1,0;5,0;a3a654c1-2f8b-402c-8125-b2e7b201bfa2
92;92;2019-01-01T11:01:32.0000000+01:00;10;red;standing;100;False;2;0;100;2;True;0;7.0;7.0;False;0;1.0;50.0;23,0;25,0;adb1fb0d-b0d2-481b-a5be-aab4343e974c
93;93;2019-01-01T11:01:33.0000000+01:00;10;green;standing;100;False;5;0;0;0;False;0;10.0;13.0;False;0;1.0;1.0;1,0;6,0;a3a654c1-2f8b-402c-8125-b2e7b201bfa2
93;93;2019-01-01T11:01:33.0000000+01:00;10;red;standing;100;False;2;0;100;2;True;0;7.0;7.0;False;0;1.0;50.0;23,0;25,0;adb1fb0d-b0d2-481b-a5be-aab4343e974c
94;94;2019-01-01T11:01:34.0000000+01:00;10;green;standing;100;False;5;0;0;0;False;0;10.0;13.0;False;0;1.0;1.0;1,0;7,0;a3a654c1-2f8b-402c-8125-b2e7b201bfa2
94;94;2019-01-01T11:01:34.0000000+01:00;10;red;standing;100;False;2;0;100;2;True;0;7.0;7.0;False;0;1.0;50.0;23,0;25,0;adb1fb0d-b0d2-481b-a5be-aab4343e974c
95;95;2019-01-01T11:01:35.0000000+01:00;10;green;standing;100;False;5;0;0;0;False;0;10.0;13.0;False;0;1.0;1.0;1,0;8,0;a3a654c1-2f8b-402c-8125-b2e7b201bfa2
95;95;2019-01-01T11:01:35.0000000+01:00;10;red;standing;100;False;2;0;100;2;True;0;7.0;7.0;False;0;1.0;50.0;23,0;25,0;adb1fb0d-b0d2-481b-a5be-aab4343e974c
96;96;2019-01-01T11:01:36.0000000+01:00;10;green;standing;100;False;5;0;0;0;False;0;10.0;13.0;False;0;1.0;1.0;1,0;9,0;a3a654c1-2f8b-402c-8125-b2e7b201bfa2
96;96;2019-01-01T11:01:36.0000000+01:00;10;red;standing;100;False;2;0;100;2;True;0;7.0;7.0;False;0;1.0;50.0;23,0;25,0;adb1fb0d-b0d2-481b-a5be-aab4343e974c
97;97;2019-01-01T11:01:37.0000000+01:00;10;green;standing;100;False;5;0;0;0;False;0;10.0;13.0;False;0;1.0;1.0;1,0;10,0;a3a654c1-2f8b-402c-8125-b2e7b201bfa2
97;97;2019-01-01T11:01:37.0000000+01:00;10;red;standing;100;False;2;0;100;2;True;0;7.0;7.0;False;0;1.0;50.0;23,0;25,0;adb1fb0d-b0d2-481b-a5be-aab4343e974c
98;98;2019-01-01T11:01:38.0000000+01:00;10;green;standing;100;False;5;0;0;0;False;0;10.0;13.0;False;0;1.0;1.0;1,0;11,0;a3a654c1-2f8b-402c-8125-b2e7b201bfa2
98;98;2019-01-01T11:01:38.0000000+01:00;10;red;standing;100;False;2;0;100;2;True;0;7.0;7.0;False;0;1.0;50.0;23,0;25,0;adb1fb0d-b0d2-481b-a5be-aab4343e974c
99;99;2019-01-01T11:01:39.0000000+01:00;10;green;standing;100;False;5;0;0;0;False;0;10.0;13.0;False;0;1.0;1.0;1,0;12,0;a3a654c1-2f8b-402c-8125-b2e7b201bfa2
99;99;2019-01-01T11:01:39.0000000+01:00;10;red;standing;100;False;2;0;100;2;True;0;7.0;7.0;False;0;1.0;50.0;23,0;25,0;adb1fb0d-b0d2-481b-a5be-aab4343e974c
100;100;2019-01-01T11:01:40.0000000+01:00;10;green;standing;100;False;5;0;0;0;False;0;10.0;13.0;False;0;1.0;1.0;1,0;13,0;a3a654c1-2f8b-402c-8125-b2e7b201bfa2
100;100;2019-01-01T11:01:40.0000000+01:00;10;red;standing;100;False;2;0;100;2;True;0;7.0;7.0;False;0;1.0;50.0;23,0;25,0;adb1fb0d-b0d2-481b-a5be-aab4343e974c
101;101;2019-01-01T11:01:41.0000000+01:00;10;green;standing;100;False;5;0;0;0;False;0;10.0;13.0;False;0;1.0;1.0;1,0;14,0;a3a654c1-2f8b-402c-8125-b2e7b201bfa2
101;101;2019-01-01T11:01:41.0000000+01:00;10;red;standing;100;False;2;0;100;2;True;0;7.0;7.0;False;0;1.0;50.0;23,0;25,0;adb1fb0d-b0d2-481b-a5be-aab4343e974c
102;102;2019-01-01T11:01:42.0000000+01:00;10;green;standing;100;False;5;0;0;0;False;0;10.0;13.0;False;0;1.0;1.0;1,0;15,0;a3a654c1-2f8b-402c-8125-b2e7b201bfa2
102;102;2019-01-01T11:01:42.0000000+01:00;10;red;standing;100;False;2;0;100;2;True;0;7.0;7.0;False;0;1.0;50.0;23,0;25,0;adb1fb0d-b0d2-481b-a5be-aab4343e974c
103;103;2019-01-01T11:01:43.0000000+01:00;10;green;standing;100;False;5;0;0;0;False;0;10.0;13.0;False;0;1.0;1.0;1,0;16,0;a3a654c1-2f8b-402c-8125-b2e7b201bfa2
103;103;2019-01-01T11:01:43.0000000+01:00;10;red;standing;100;False;2;0;100;2;True;0;7.0;7.0;False;0;1.0;50.0;23,0;25,0;adb1fb0d-b0d2-481b-a5be-aab4343e974c
104;104;2019-01-01T11:01:44.0000000+01:00;10;green;standing;100;False;5;0;0;0;False;0;10.0;13.0;False;0;1.0;1.0;2,0;17,0;a3a654c1-2f8b-402c-8125-b2e7b201bfa2
104;104;2019-01-01T11:01:44.0000000+01:00;10;red;standing;100;False;2;0;100;2;True;0;7.0;7.0;False;0;1.0;50.0;23,0;25,0;adb1fb0d-b0d2-481b-a5be-aab4343e974c
105;105;2019-01-01T11:01:45.0000000+01:00;10;green;standing;100;False;5;0;0;0;False;0;10.0;13.0;False;0;1.0;1.0;3,0;18,0;a3a654c1-2f8b-402c-8125-b2e7b201bfa2
105;105;2019-01-01T11:01:45.0000000+01:00;10;red;standing;100;False;2;0;100;2;True;0;7.0;7.0;False;0;1.0;50.0;23,0;25,0;adb1fb0d-b0d2-481b-a5be-aab4343e974c
106;106;2019-01-01T11:01:46.0000000+01:00;10;green;standing;100;False;5;0;0;0;False;0;10.0;13.0;False;0;1.0;1.0;4,0;19,0;a3a654c1-2f8b-402c-8125-b2e7b201bfa2
106;106;2019-01-01T11:01:46.0000000+01:00;10;red;standing;100;False;2;0;100;2;True;0;7.0;7.0;False;0;1.0;50.0;23,0;25,0;adb1fb0d-b0d2-481b-a5be-aab4343e974c
107;107;2019-01-01T11:01:47.0000000+01:00;10;green;standing;100;False;5;0;0;0;False;0;10.0;13.0;False;0;1.0;1.0;5,0;20,0;a3a654c1-2f8b-402c-8125-b2e7b201bfa2
107;107;2019-01-01T11:01:47.0000000+01:00;10;red;standing;100;False;2;0;100;2;True;0;7.0;7.0;False;0;1.0;50.0;23,0;25,0;adb1fb0d-b0d2-481b-a5be-aab4343e974c
108;108;2019-01-01T11:01:48.0000000+01:00;10;green;standing;100;False;5;0;0;0;False;0;10.0;13.0;False;0;1.0;1.0;6,0;20,0;a3a654c1-2f8b-402c-8125-b2e7b201bfa2
108;108;2019-01-01T11:01:48.0000000+01:00;10;red;standing;100;False;2;0;100;2;True;0;7.0;7.0;False;0;1.0;50.0;23,0;25,0;adb1fb0d-b0d2-481b-a5be-aab4343e974c
109;109;2019-01-01T11:01:49.0000000+01:00;10;green;standing;100;False;5;0;0;0;False;0;10.0;13.0;False;0;1.0;1.0;7,0;20,0;a3a654c1-2f8b-402c-8125-b2e7b201bfa2
109;109;2019-01-01T11:01:49.0000000+01:00;10;red;standing;100;False;2;0;100;2;True;0;7.0;7.0;False;0;1.0;50.0;23,0;25,0;adb1fb0d-b0d2-481b-a5be-aab4343e974c
110;110;2019-01-01T11:01:50.0000000+01:00;10;green;standing;100;False;5;0;0;0;False;0;10.0;13.0;False;0;1.0;1.0;8,0;20,0;a3a654c1-2f8b-402c-8125-b2e7b201bfa2
110;110;2019-01-01T11:01:50.0000000+01:00;10;red;standing;100;False;2;0;100;2;True;0;7.0;7.0;False;0;1.0;50.0;23,0;25,0;adb1fb0d-b0d2-481b-a5be-aab4343e974c
111;111;2019-01-01T11:01:51.0000000+01:00;10;green;standing;100;False;5;0;0;0;False;0;10.0;13.0;False;0;1.0;1.0;9,0;20,0;a3a654c1-2f8b-402c-8125-b2e7b201bfa2
111;111;2019-01-01T11:01:51.0000000+01:00;10;red;standing;100;False;2;0;100;2;True;0;7.0;7.0;False;0;1.0;50.0;23,0;25,0;adb1fb0d-b0d2-481b-a5be-aab4343e974c
112;112;2019-01-01T11:01:52.0000000+01:00;10;green;standing;100;False;5;0;0;0;False;0;10.0;13.0;False;0;1.0;1.0;10,0;19,0;a3a654c1-2f8b-402c-8125-b2e7b201bfa2
112;112;2019-01-01T11:01:52.0000000+01:00;10;red;standing;100;False;2;0;100;2;True;0;7.0;7.0;False;0;1.0;50.0;23,0;25,0;adb1fb0d-b0d2-481b-a5be-aab4343e974c
113;113;2019-01-01T11:01:53.0000000+01:00;10;green;standing;100;False;5;0;0;0;False;0;10.0;13.0;False;0;1.0;1.0;10,0;18,0;a3a654c1-2f8b-402c-8125-b2e7b201bfa2
113;113;2019-01-01T11:01:53.0000000+01:00;10;red;standing;100;False;2;0;100;2;True;0;7.0;7.0;False;0;1.0;50.0;23,0;25,0;adb1fb0d-b0d2-481b-a5be-aab4343e974c
114;114;2019-01-01T11:01:54.0000000+01:00;10;green;standing;100;False;5;0;0;0;False;0;10.0;13.0;False;0;1.0;1.0;10,0;17,0;a3a654c1-2f8b-402c-8125-b2e7b201bfa2
114;114;2019-01-01T11:01:54.0000000+01:00;10;red;standing;100;False;2;0;100;2;True;0;7.0;7.0;False;0;1.0;50.0;23,0;25,0;adb1fb0d-b0d2-481b-a5be-aab4343e974c
115;115;2019-01-01T11:01:55.0000000+01:00;10;green;standing;100;False;5;0;0;0;False;0;10.0;13.0;False;0;1.0;1.0;10,0;16,0;a3a654c1-2f8b-402c-8125-b2e7b201bfa2
115;115;2019-01-01T11:01:55.0000000+01:00;10;red;standing;100;False;2;0;100;2;True;0;7.0;7.0;False;0;1.0;50.0;23,0;25,0;adb1fb0d-b0d2-481b-a5be-aab4343e974c
116;116;2019-01-01T11:01:56.0000000+01:00;10;green;standing;100;False;5;0;0;0;False;0;10.0;13.0;False;0;1.0;1.0;10,0;15,0;a3a654c1-2f8b-402c-8125-b2e7b201bfa2
116;116;2019-01-01T11:01:56.0000000+01:00;10;red;standing;100;False;2;0;100;2;True;0;7.0;7.0;False;0;1.0;50.0;23,0;25,0;adb1fb0d-b0d2-481b-a5be-aab4343e974c
117;117;2019-01-01T11:01:57.0000000+01:00;10;green;standing;100;False;5;0;0;0;False;0;10.0;13.0;False;0;1.0;1.0;9,0;14,0;a3a654c1-2f8b-402c-8125-b2e7b201bfa2
117;117;2019-01-01T11:01:57.0000000+01:00;10;red;standing;100;False;2;0;100;2;True;0;7.0;7.0;False;0;1.0;50.0;23,0;25,0;adb1fb0d-b0d2-481b-a5be-aab4343e974c
118;118;2019-01-01T11:01:58.0000000+01:00;10;green;standing;100;False;5;0;0;0;False;0;10.0;13.0;False;0;1.0;1.0;8,0;13,0;a3a654c1-2f8b-402c-8125-b2e7b201bfa2
118;118;2019-01-01T11:01:58.0000000+01:00;10;red;standing;100;False;2;0;100;2;True;0;7.0;7.0;False;0;1.0;50.0;23,0;25,0;adb1fb0d-b0d2-481b-a5be-aab4343e974c
119;119;2019-01-01T11:01:59.0000000+01:00;10;green;standing;100;False;5;0;0;0;False;0;10.0;13.0;False;0;1.0;1.0;7,0;12,0;a3a654c1-2f8b-402c-8125-b2e7b201bfa2
119;119;2019-01-01T11:01:59.0000000+01:00;10;red;standing;100;False;2;0;100;2;True;0;7.0;7.0;False;0;1.0;50.0;23,0;25,0;adb1fb0d-b0d2-481b-a5be-aab4343e974c
120;120;2019-01-01T11:02:00.0000000+01:00;10;green;standing;100;False;5;0;0;0;False;0;10.0;13.0;False;0;1.0;1.0;7,0;11,0;a3a654c1-2f8b-402c-8125-b2e7b201bfa2
120;120;2019-01-01T11:02:00.0000000+01:00;10;red;standing;100;False;2;0;100;2;True;0;7.0;7.0;False;0;1.0;50.0;23,0;25,0;adb1fb0d-b0d2-481b-a5be-aab4343e974c
121;121;2019-01-01T11:02:01.0000000+01:00;10;green;standing;100;False;5;0;0;0;False;0;10.0;13.0;False;0;1.0;1.0;7,0;10,0;a3a654c1-2f8b-402c-8125-b2e7b201bfa2
121;121;2019-01-01T11:02:01.0000000+01:00;10;red;standing;100;False;2;0;100;2;True;0;7.0;7.0;False;0;1.0;50.0;23,0;25,0;adb1fb0d-b0d2-481b-a5be-aab4343e974c
122;122;2019-01-01T11:02:02.0000000+01:00;10;green;standing;100;False;5;0;0;0;False;0;10.0;13.0;False;0;1.0;1.0;7,0;9,0;a3a654c1-2f8b-402c-8125-b2e7b201bfa2
122;122;2019-01-01T11:02:02.0000000+01:00;10;red;standing;100;False;2;0;100;2;True;0;7.0;7.0;False;0;1.0;50.0;23,0;25,0;adb1fb0d-b0d2-481b-a5be-aab4343e974c
123;123;2019-01-01T11:02:03.0000000+01:00;10;green;standing;100;False;5;0;0;0;False;0;10.0;13.0;False;0;1.0;1.0;7,0;8,0;a3a654c1-2f8b-402c-8125-b2e7b201bfa2
123;123;2019-01-01T11:02:03.0000000+01:00;10;red;standing;100;False;2;0;100;2;True;0;7.0;7.0;False;0;1.0;50.0;23,0;25,0;adb1fb0d-b0d2-481b-a5be-aab4343e974c
124;124;2019-01-01T11:02:04.0000000+01:00;10;green;standing;100;False;5;0;0;0;False;0;10.0;13.0;False;0;1.0;1.0;7,0;7,0;a3a654c1-2f8b-402c-8125-b2e7b201bfa2
124;124;2019-01-01T11:02:04.0000000+01:00;10;red;standing;100;False;2;0;100;2;True;0;7.0;7.0;False;0;1.0;50.0;23,0;25,0;adb1fb0d-b0d2-481b-a5be-aab4343e974c
125;125;2019-01-01T11:02:05.0000000+01:00;10;green;standing;100;False;5;0;0;0;False;0;10.0;13.0;False;0;1.0;1.0;8,0;6,0;a3a654c1-2f8b-402c-8125-b2e7b201bfa2
125;125;2019-01-01T11:02:05.0000000+01:00;10;red;standing;100;False;2;0;100;2;True;0;7.0;7.0;False;0;1.0;50.0;23,0;25,0;adb1fb0d-b0d2-481b-a5be-aab4343e974c
126;126;2019-01-01T11:02:06.0000000+01:00;10;green;standing;100;False;5;0;0;0;False;0;10.0;13.0;False;0;1.0;1.0;9,0;6,0;a3a654c1-2f8b-402c-8125-b2e7b201bfa2
126;126;2019-01-01T11:02:06.0000000+01:00;10;red;standing;100;False;2;0;100;2;True;0;7.0;7.0;False;0;1.0;50.0;23,0;25,0;adb1fb0d-b0d2-481b-a5be-aab4343e974c
127;127;2019-01-01T11:02:07.0000000+01:00;10;green;standing;100;False;5;0;0;0;False;0;10.0;13.0;False;0;1.0;1.0;10,0;6,0;a3a654c1-2f8b-402c-8125-b2e7b201bfa2
127;127;2019-01-01T11:02:07.0000000+01:00;10;red;standing;100;False;2;0;100;2;True;0;7.0;7.0;False;0;1.0;50.0;23,0;25,0;adb1fb0d-b0d2-481b-a5be-aab4343e974c
128;128;2019-01-01T11:02:08.0000000+01:00;10;green;standing;100;False;5;0;0;0;False;0;10.0;13.0;False;0;1.0;1.0;11,0;6,0;a3a654c1-2f8b-402c-8125-b2e7b201bfa2
128;128;2019-01-01T11:02:08.0000000+01:00;10;red;standing;100;False;2;0;100;2;True;0;7.0;7.0;False;0;1.0;50.0;23,0;25,0;adb1fb0d-b0d2-481b-a5be-aab4343e974c
129;129;2019-01-01T11:02:09.0000000+01:00;10;green;standing;100;False;5;0;0;0;False;0;10.0;13.0;False;0;1.0;1.0;12,0;6,0;a3a654c1-2f8b-402c-8125-b2e7b201bfa2
129;129;2019-01-01T11:02:09.0000000+01:00;10;red;standing;100;False;2;0;100;2;True;0;7.0;7.0;False;0;1.0;50.0;23,0;25,0;adb1fb0d-b0d2-481b-a5be-aab4343e974c
130;130;2019-01-01T11:02:10.0000000+01:00;10;green;standing;100;False;5;0;0;0;False;0;10.0;13.0;False;0;1.0;1.0;13,0;6,0;a3a654c1-2f8b-402c-8125-b2e7b201bfa2
130;130;2019-01-01T11:02:10.0000000+01:00;10;red;standing;100;False;2;0;100;2;True;0;7.0;7.0;False;0;1.0;50.0;23,0;25,0;adb1fb0d-b0d2-481b-a5be-aab4343e974c
131;131;2019-01-01T11:02:11.0000000+01:00;10;green;standing;100;False;5;0;0;0;False;0;10.0;13.0;False;0;1.0;1.0;14,0;6,0;a3a654c1-2f8b-402c-8125-b2e7b201bfa2
131;131;2019-01-01T11:02:11.0000000+01:00;10;red;standing;100;False;2;0;100;2;True;0;7.0;7.0;False;0;1.0;50.0;23,0;25,0;adb1fb0d-b0d2-481b-a5be-aab4343e974c
132;132;2019-01-01T11:02:12.0000000+01:00;10;green;standing;100;False;5;0;0;0;False;0;10.0;13.0;False;0;1.0;1.0;15,0;7,0;a3a654c1-2f8b-402c-8125-b2e7b201bfa2
132;132;2019-01-01T11:02:12.0000000+01:00;10;red;standing;100;False;2;0;100;2;True;0;7.0;7.0;False;0;1.0;50.0;23,0;25,0;adb1fb0d-b0d2-481b-a5be-aab4343e974c
133;133;2019-01-01T11:02:13.0000000+01:00;10;green;standing;100;False;5;0;0;0;False;0;10.0;13.0;False;0;1.0;1.0;15,0;8,0;a3a654c1-2f8b-402c-8125-b2e7b201bfa2
133;133;2019-01-01T11:02:13.0000000+01:00;10;red;standing;100;False;2;0;100;2;True;0;7.0;7.0;False;0;1.0;50.0;23,0;25,0;adb1fb0d-b0d2-481b-a5be-aab4343e974c
134;134;2019-01-01T11:02:14.0000000+01:00;10;green;standing;100;False;5;0;0;0;False;0;10.0;13.0;False;0;1.0;1.0;15,0;9,0;a3a654c1-2f8b-402c-8125-b2e7b201bfa2
134;134;2019-01-01T11:02:14.0000000+01:00;10;red;standing;100;False;2;0;100;2;True;0;7.0;7.0;False;0;1.0;50.0;23,0;25,0;adb1fb0d-b0d2-481b-a5be-aab4343e974c
135;135;2019-01-01T11:02:15.0000000+01:00;10;green;standing;100;False;5;0;0;0;False;0;10.0;13.0;False;0;1.0;1.0;15,0;10,0;a3a654c1-2f8b-402c-8125-b2e7b201bfa2
135;135;2019-01-01T11:02:15.0000000+01:00;10;red;standing;100;False;2;0;100;2;True;0;7.0;7.0;False;0;1.0;50.0;23,0;25,0;adb1fb0d-b0d2-481b-a5be-aab4343e974c
136;136;2019-01-01T11:02:16.0000000+01:00;10;green;standing;100;False;5;0;0;0;False;0;10.0;13.0;False;0;1.0;1.0;15,0;11,0;a3a654c1-2f8b-402c-8125-b2e7b201bfa2
136;136;2019-01-01T11:02:16.0000000+01:00;10;red;standing;100;False;2;0;100;2;True;0;7.0;7.0;False;0;1.0;50.0;23,0;25,0;adb1fb0d-b0d2-481b-a5be-aab4343e974c
137;137;2019-01-01T11:02:17.0000000+01:00;10;green;standing;100;False;5;0;0;0;False;0;10.0;13.0;False;0;1.0;1.0;15,0;12,0;a3a654c1-2f8b-402c-8125-b2e7b201bfa2
137;137;2019-01-01T11:02:17.0000000+01:00;10;red;standing;100;False;2;0;100;2;True;0;7.0;7.0;False;0;1.0;50.0;23,0;25,0;adb1fb0d-b0d2-481b-a5be-aab4343e974c
138;138;2019-01-01T11:02:18.0000000+01:00;10;green;standing;100;False;5;0;0;0;False;0;10.0;13.0;False;0;1.0;1.0;15,0;13,0;a3a654c1-2f8b-402c-8125-b2e7b201bfa2
138;138;2019-01-01T11:02:18.0000000+01:00;10;red;standing;100;False;2;0;100;2;True;0;7.0;7.0;False;0;1.0;50.0;23,0;25,0;adb1fb0d-b0d2-481b-a5be-aab4343e974c
139;139;2019-01-01T11:02:19.0000000+01:00;10;green;standing;100;False;5;0;0;0;False;0;10.0;13.0;False;0;1.0;1.0;15,0;14,0;a3a654c1-2f8b-402c-8125-b2e7b201bfa2
139;139;2019-01-01T11:02:19.0000000+01:00;10;red;standing;100;False;2;0;100;2;True;0;7.0;7.0;False;0;1.0;50.0;23,0;25,0;adb1fb0d-b0d2-481b-a5be-aab4343e974c
140;140;2019-01-01T11:02:20.0000000+01:00;10;green;standing;100;False;5;0;0;0;False;0;10.0;13.0;False;0;1.0;1.0;16,0;15,0;a3a654c1-2f8b-402c-8125-b2e7b201bfa2
140;140;2019-01-01T11:02:20.0000000+01:00;10;red;standing;100;False;2;0;100;2;True;0;7.0;7.0;False;0;1.0;50.0;23,0;25,0;adb1fb0d-b0d2-481b-a5be-aab4343e974c
141;141;2019-01-01T11:02:21.0000000+01:00;10;green;standing;100;False;5;0;0;0;False;0;10.0;13.0;False;0;1.0;1.0;17,0;16,0;a3a654c1-2f8b-402c-8125-b2e7b201bfa2
141;141;2019-01-01T11:02:21.0000000+01:00;10;red;standing;100;False;2;0;100;2;True;0;7.0;7.0;False;0;1.0;50.0;23,0;25,0;adb1fb0d-b0d2-481b-a5be-aab4343e974c
142;142;2019-01-01T11:02:22.0000000+01:00;10;green;standing;100;False;5;0;0;0;False;0;10.0;13.0;False;0;1.0;1.0;18,0;17,0;a3a654c1-2f8b-402c-8125-b2e7b201bfa2
142;142;2019-01-01T11:02:22.0000000+01:00;10;red;standing;100;False;2;0;100;2;True;0;7.0;7.0;False;0;1.0;50.0;23,0;25,0;adb1fb0d-b0d2-481b-a5be-aab4343e974c
143;143;2019-01-01T11:02:23.0000000+01:00;10;green;standing;100;False;5;0;0;0;False;0;10.0;13.0;False;0;1.0;1.0;19,0;18,0;a3a654c1-2f8b-402c-8125-b2e7b201bfa2
143;143;2019-01-01T11:02:23.0000000+01:00;10;red;standing;100;False;2;0;100;2;True;0;7.0;7.0;False;0;1.0;50.0;23,0;25,0;adb1fb0d-b0d2-481b-a5be-aab4343e974c
144;144;2019-01-01T11:02:24.0000000+01:00;10;green;standing;90;False;5;0;0;0;False;0;10.0;13.0;True;1;1.0;1.0;20,0;19,0;a3a654c1-2f8b-402c-8125-b2e7b201bfa2
144;144;2019-01-01T11:02:24.0000000+01:00;10;red;standing;100;False;1;0;110;2;True;1;7.0;7.0;False;0;1.0;50.0;23,0;25,0;adb1fb0d-b0d2-481b-a5be-aab4343e974c
145;145;2019-01-01T11:02:25.0000000+01:00;10;green;standing;80;False;5;0;0;0;False;0;10.0;13.0;True;1;1.0;1.0;20,0;20,0;a3a654c1-2f8b-402c-8125-b2e7b201bfa2
145;145;2019-01-01T11:02:25.0000000+01:00;10;red;standing;100;False;0;0;120;2;True;1;7.0;7.0;False;0;1.0;50.0;23,0;25,0;adb1fb0d-b0d2-481b-a5be-aab4343e974c
146;146;2019-01-01T11:02:26.0000000+01:00;10;green;standing;80;False;5;0;0;0;False;0;10.0;13.0;True;0;1.0;1.0;21,0;21,0;a3a654c1-2f8b-402c-8125-b2e7b201bfa2
146;146;2019-01-01T11:02:26.0000000+01:00;10;red;standing;100;False;4;0;120;2;True;0;7.0;7.0;False;0;1.0;50.0;23,0;25,0;adb1fb0d-b0d2-481b-a5be-aab4343e974c
147;147;2019-01-01T11:02:27.0000000+01:00;10;green;standing;70;False;5;0;0;1;False;0;10.0;13.0;True;1;1.0;1.0;22,0;22,0;a3a654c1-2f8b-402c-8125-b2e7b201bfa2
147;147;2019-01-01T11:02:27.0000000+01:00;10;red;standing;100;False;3;0;130;2;True;1;7.0;7.0;False;0;1.0;50.0;23,0;25,0;adb1fb0d-b0d2-481b-a5be-aab4343e974c
148;148;2019-01-01T11:02:28.0000000+01:00;10;green;lying;60;False;5;2;0;2;False;0;8.0;11.0;True;1;1.0;1.0;23,0;21,0;a3a654c1-2f8b-402c-8125-b2e7b201bfa2
148;148;2019-01-01T11:02:28.0000000+01:00;10;red;standing;100;False;2;0;140;2;True;1;7.0;7.0;False;0;1.0;50.0;23,0;25,0;adb1fb0d-b0d2-481b-a5be-aab4343e974c
149;149;2019-01-01T11:02:29.0000000+01:00;10;green;lying;50;False;5;1;0;2;False;0;8.0;11.0;True;2;1.0;1.0;23,0;21,0;a3a654c1-2f8b-402c-8125-b2e7b201bfa2
149;149;2019-01-01T11:02:29.0000000+01:00;10;red;standing;100;False;1;0;150;2;True;1;7.0;7.0;False;0;1.0;50.0;23,0;25,0;adb1fb0d-b0d2-481b-a5be-aab4343e974c
150;150;2019-01-01T11:02:30.0000000+01:00;10;green;lying;40;False;5;0;0;2;False;0;8.0;11.0;True;2;1.0;1.0;23,0;21,0;a3a654c1-2f8b-402c-8125-b2e7b201bfa2
150;150;2019-01-01T11:02:30.0000000+01:00;10;red;standing;100;False;0;0;160;2;True;1;7.0;7.0;False;0;1.0;50.0;23,0;25,0;adb1fb0d-b0d2-481b-a5be-aab4343e974c
151;151;2019-01-01T11:02:31.0000000+01:00;10;green;lying;40;False;5;0;0;2;False;0;8.0;11.0;True;1;1.0;1.0;23,0;21,0;a3a654c1-2f8b-402c-8125-b2e7b201bfa2
151;151;2019-01-01T11:02:31.0000000+01:00;10;red;standing;100;False;4;0;160;2;True;0;7.0;7.0;False;0;1.0;50.0;23,0;25,0;adb1fb0d-b0d2-481b-a5be-aab4343e974c
152;152;2019-01-01T11:02:32.0000000+01:00;10;green;lying;30;False;5;0;0;2;False;0;8.0;11.0;True;2;1.0;1.0;23,0;21,0;a3a654c1-2f8b-402c-8125-b2e7b201bfa2
152;152;2019-01-01T11:02:32.0000000+01:00;10;red;standing;100;False;3;0;170;2;True;1;7.0;7.0;False;0;1.0;50.0;23,0;25,0;adb1fb0d-b0d2-481b-a5be-aab4343e974c
153;153;2019-01-01T11:02:33.0000000+01:00;10;green;lying;20;False;5;0;0;2;False;0;8.0;11.0;True;2;1.0;1.0;23,0;21,0;a3a654c1-2f8b-402c-8125-b2e7b201bfa2
153;153;2019-01-01T11:02:33.0000000+01:00;10;red;standing;100;False;2;0;180;2;True;1;7.0;7.0;False;0;1.0;50.0;23,0;25,0;adb1fb0d-b0d2-481b-a5be-aab4343e974c
154;154;2019-01-01T11:02:34.0000000+01:00;10;green;lying;20;False;5;0;0;2;False;0;8.0;11.0;True;1;1.0;1.0;23,0;21,0;a3a654c1-2f8b-402c-8125-b2e7b201bfa2
154;154;2019-01-01T11:02:34.0000000+01:00;10;red;standing;100;False;1;0;180;2;True;0;7.0;7.0;False;0;1.0;50.0;23,0;25,0;adb1fb0d-b0d2-481b-a5be-aab4343e974c
155;155;2019-01-01T11:02:35.0000000+01:00;10;green;lying;20;False;5;0;0;2;False;0;8.0;11.0;True;0;1.0;1.0;23,0;21,0;a3a654c1-2f8b-402c-8125-b2e7b201bfa2
155;155;2019-01-01T11:02:35.0000000+01:00;10;red;standing;100;False;0;0;180;2;True;0;7.0;7.0;False;0;1.0;50.0;23,0;25,0;adb1fb0d-b0d2-481b-a5be-aab4343e974c
156;156;2019-01-01T11:02:36.0000000+01:00;10;green;lying;20;False;5;0;0;2;False;0;8.0;11.0;True;0;1.0;1.0;23,0;21,0;a3a654c1-2f8b-402c-8125-b2e7b201bfa2
156;156;2019-01-01T11:02:36.0000000+01:00;10;red;standing;100;False;4;0;180;2;True;0;7.0;7.0;False;0;1.0;50.0;23,0;25,0;adb1fb0d-b0d2-481b-a5be-aab4343e974c
157;157;2019-01-01T11:02:37.0000000+01:00;10;green;lying;10;False;5;0;0;2;False;0;8.0;11.0;True;2;1.0;1.0;23,0;21,0;a3a654c1-2f8b-402c-8125-b2e7b201bfa2
157;157;2019-01-01T11:02:37.0000000+01:00;10;red;standing;100;False;3;0;190;2;True;1;7.0;7.0;False;0;1.0;50.0;23,0;25,0;adb1fb0d-b0d2-481b-a5be-aab4343e974c
158;158;2019-01-01T11:02:38.0000000+01:00;10;green;lying;10;False;5;0;0;2;False;0;8.0;11.0;True;1;1.0;1.0;23,0;21,0;a3a654c1-2f8b-402c-8125-b2e7b201bfa2
158;158;2019-01-01T11:02:38.0000000+01:00;10;red;standing;100;False;2;0;190;2;True;0;7.0;7.0;False;0;1.0;50.0;23,0;25,0;adb1fb0d-b0d2-481b-a5be-aab4343e974c
159;159;2019-01-01T11:02:39.0000000+01:00;10;green;standing;100;False;5;0;0;0;False;0;10.0;16.0;False;0;1.0;1.0;1,0;1,0;a3a654c1-2f8b-402c-8125-b2e7b201bfa2
159;159;2019-01-01T11:02:39.0000000+01:00;10;red;standing;100;False;1;0;200;2;True;1;7.0;7.0;False;0;1.0;50.0;23,0;25,0;adb1fb0d-b0d2-481b-a5be-aab4343e974c
160;160;2019-01-01T11:02:40.0000000+01:00;10;green;standing;100;False;5;0;0;0;False;0;10.0;16.0;False;0;1.0;1.0;1,0;2,0;a3a654c1-2f8b-402c-8125-b2e7b201bfa2
160;160;2019-01-01T11:02:40.0000000+01:00;10;red;standing;100;False;1;0;200;2;True;0;7.0;7.0;False;0;1.0;50.0;23,0;25,0;adb1fb0d-b0d2-481b-a5be-aab4343e974c
161;161;2019-01-01T11:02:41.0000000+01:00;10;green;standing;100;False;5;0;0;0;False;0;10.0;16.0;False;0;1.0;1.0;1,0;3,0;a3a654c1-2f8b-402c-8125-b2e7b201bfa2
161;161;2019-01-01T11:02:41.0000000+01:00;10;red;standing;100;False;1;0;200;2;True;0;7.0;7.0;False;0;1.0;50.0;23,0;25,0;adb1fb0d-b0d2-481b-a5be-aab4343e974c
162;162;2019-01-01T11:02:42.0000000+01:00;10;green;standing;100;False;5;0;0;0;False;0;10.0;16.0;False;0;1.0;1.0;1,0;4,0;a3a654c1-2f8b-402c-8125-b2e7b201bfa2
162;162;2019-01-01T11:02:42.0000000+01:00;10;red;standing;100;False;1;0;200;2;True;0;7.0;7.0;False;0;1.0;50.0;23,0;25,0;adb1fb0d-b0d2-481b-a5be-aab4343e974c
163;163;2019-01-01T11:02:43.0000000+01:00;10;green;standing;100;False;5;0;0;0;False;0;10.0;16.0;False;0;1.0;1.0;1,0;5,0;a3a654c1-2f8b-402c-8125-b2e7b201bfa2
163;163;2019-01-01T11:02:43.0000000+01:00;10;red;standing;100;False;1;0;200;2;True;0;7.0;7.0;False;0;1.0;50.0;23,0;25,0;adb1fb0d-b0d2-481b-a5be-aab4343e974c
164;164;2019-01-01T11:02:44.0000000+01:00;10;green;standing;100;False;5;0;0;0;False;0;10.0;16.0;False;0;1.0;1.0;1,0;6,0;a3a654c1-2f8b-402c-8125-b2e7b201bfa2
164;164;2019-01-01T11:02:44.0000000+01:00;10;red;standing;100;False;1;0;200;2;True;0;7.0;7.0;False;0;1.0;50.0;23,0;25,0;adb1fb0d-b0d2-481b-a5be-aab4343e974c
165;165;2019-01-01T11:02:45.0000000+01:00;10;green;standing;100;False;5;0;0;0;False;0;10.0;16.0;False;0;1.0;1.0;1,0;7,0;a3a654c1-2f8b-402c-8125-b2e7b201bfa2
165;165;2019-01-01T11:02:45.0000000+01:00;10;red;standing;100;False;1;0;200;2;True;0;7.0;7.0;False;0;1.0;50.0;23,0;25,0;adb1fb0d-b0d2-481b-a5be-aab4343e974c
166;166;2019-01-01T11:02:46.0000000+01:00;10;green;standing;100;False;5;0;0;0;False;0;10.0;16.0;False;0;1.0;1.0;1,0;8,0;a3a654c1-2f8b-402c-8125-b2e7b201bfa2
166;166;2019-01-01T11:02:46.0000000+01:00;10;red;standing;100;False;1;0;200;2;True;0;7.0;7.0;False;0;1.0;50.0;23,0;25,0;adb1fb0d-b0d2-481b-a5be-aab4343e974c
167;167;2019-01-01T11:02:47.0000000+01:00;10;green;standing;100;False;5;0;0;0;False;0;10.0;16.0;False;0;1.0;1.0;1,0;9,0;a3a654c1-2f8b-402c-8125-b2e7b201bfa2
167;167;2019-01-01T11:02:47.0000000+01:00;10;red;standing;100;False;1;0;200;2;True;0;7.0;7.0;False;0;1.0;50.0;23,0;25,0;adb1fb0d-b0d2-481b-a5be-aab4343e974c
168;168;2019-01-01T11:02:48.0000000+01:00;10;green;standing;100;False;5;0;0;0;False;0;10.0;16.0;False;0;1.0;1.0;1,0;10,0;a3a654c1-2f8b-402c-8125-b2e7b201bfa2
168;168;2019-01-01T11:02:48.0000000+01:00;10;red;standing;100;False;1;0;200;2;True;0;7.0;7.0;False;0;1.0;50.0;23,0;25,0;adb1fb0d-b0d2-481b-a5be-aab4343e974c
169;169;2019-01-01T11:02:49.0000000+01:00;10;green;standing;100;False;5;0;0;0;False;0;10.0;16.0;False;0;1.0;1.0;1,0;11,0;a3a654c1-2f8b-402c-8125-b2e7b201bfa2
169;169;2019-01-01T11:02:49.0000000+01:00;10;red;standing;100;False;1;0;200;2;True;0;7.0;7.0;False;0;1.0;50.0;23,0;25,0;adb1fb0d-b0d2-481b-a5be-aab4343e974c
170;170;2019-01-01T11:02:50.0000000+01:00;10;green;standing;100;False;5;0;0;0;False;0;10.0;16.0;False;0;1.0;1.0;1,0;12,0;a3a654c1-2f8b-402c-8125-b2e7b201bfa2
170;170;2019-01-01T11:02:50.0000000+01:00;10;red;standing;100;False;1;0;200;2;True;0;7.0;7.0;False;0;1.0;50.0;23,0;25,0;adb1fb0d-b0d2-481b-a5be-aab4343e974c
171;171;2019-01-01T11:02:51.0000000+01:00;10;green;standing;100;False;5;0;0;0;False;0;10.0;16.0;False;0;1.0;1.0;1,0;13,0;a3a654c1-2f8b-402c-8125-b2e7b201bfa2
171;171;2019-01-01T11:02:51.0000000+01:00;10;red;standing;100;False;1;0;200;2;True;0;7.0;7.0;False;0;1.0;50.0;23,0;25,0;adb1fb0d-b0d2-481b-a5be-aab4343e974c
172;172;2019-01-01T11:02:52.0000000+01:00;10;green;standing;100;False;5;0;0;0;False;0;10.0;16.0;False;0;1.0;1.0;1,0;14,0;a3a654c1-2f8b-402c-8125-b2e7b201bfa2
172;172;2019-01-01T11:02:52.0000000+01:00;10;red;standing;100;False;1;0;200;2;True;0;7.0;7.0;False;0;1.0;50.0;23,0;25,0;adb1fb0d-b0d2-481b-a5be-aab4343e974c
173;173;2019-01-01T11:02:53.0000000+01:00;10;green;standing;100;False;5;0;0;0;False;0;10.0;16.0;False;0;1.0;1.0;1,0;15,0;a3a654c1-2f8b-402c-8125-b2e7b201bfa2
173;173;2019-01-01T11:02:53.0000000+01:00;10;red;standing;100;False;1;0;200;2;True;0;7.0;7.0;False;0;1.0;50.0;23,0;25,0;adb1fb0d-b0d2-481b-a5be-aab4343e974c
174;174;2019-01-01T11:02:54.0000000+01:00;10;green;standing;100;False;5;0;0;0;False;0;10.0;16.0;False;0;1.0;1.0;1,0;16,0;a3a654c1-2f8b-402c-8125-b2e7b201bfa2
174;174;2019-01-01T11:02:54.0000000+01:00;10;red;standing;100;False;1;0;200;2;True;0;7.0;7.0;False;0;1.0;50.0;23,0;25,0;adb1fb0d-b0d2-481b-a5be-aab4343e974c
175;175;2019-01-01T11:02:55.0000000+01:00;10;green;standing;100;False;5;0;0;0;False;0;10.0;16.0;False;0;1.0;1.0;2,0;17,0;a3a654c1-2f8b-402c-8125-b2e7b201bfa2
175;175;2019-01-01T11:02:55.0000000+01:00;10;red;standing;100;False;1;0;200;2;True;0;7.0;7.0;False;0;1.0;50.0;23,0;25,0;adb1fb0d-b0d2-481b-a5be-aab4343e974c
176;176;2019-01-01T11:02:56.0000000+01:00;10;green;standing;100;False;5;0;0;0;False;0;10.0;16.0;False;0;1.0;1.0;3,0;18,0;a3a654c1-2f8b-402c-8125-b2e7b201bfa2
176;176;2019-01-01T11:02:56.0000000+01:00;10;red;standing;100;False;1;0;200;2;True;0;7.0;7.0;False;0;1.0;50.0;23,0;25,0;adb1fb0d-b0d2-481b-a5be-aab4343e974c
177;177;2019-01-01T11:02:57.0000000+01:00;10;green;standing;100;False;5;0;0;0;False;0;10.0;16.0;False;0;1.0;1.0;4,0;19,0;a3a654c1-2f8b-402c-8125-b2e7b201bfa2
177;177;2019-01-01T11:02:57.0000000+01:00;10;red;standing;100;False;1;0;200;2;True;0;7.0;7.0;False;0;1.0;50.0;23,0;25,0;adb1fb0d-b0d2-481b-a5be-aab4343e974c
178;178;2019-01-01T11:02:58.0000000+01:00;10;green;standing;100;False;5;0;0;0;False;0;10.0;16.0;False;0;1.0;1.0;5,0;20,0;a3a654c1-2f8b-402c-8125-b2e7b201bfa2
178;178;2019-01-01T11:02:58.0000000+01:00;10;red;standing;100;False;1;0;200;2;True;0;7.0;7.0;False;0;1.0;50.0;23,0;25,0;adb1fb0d-b0d2-481b-a5be-aab4343e974c
179;179;2019-01-01T11:02:59.0000000+01:00;10;green;standing;100;False;5;0;0;0;False;0;10.0;16.0;False;0;1.0;1.0;6,0;20,0;a3a654c1-2f8b-402c-8125-b2e7b201bfa2
179;179;2019-01-01T11:02:59.0000000+01:00;10;red;standing;100;False;1;0;200;2;True;0;7.0;7.0;False;0;1.0;50.0;23,0;25,0;adb1fb0d-b0d2-481b-a5be-aab4343e974c
180;180;2019-01-01T11:03:00.0000000+01:00;10;green;standing;100;False;5;0;0;0;False;0;10.0;16.0;False;0;1.0;1.0;7,0;20,0;a3a654c1-2f8b-402c-8125-b2e7b201bfa2
180;180;2019-01-01T11:03:00.0000000+01:00;10;red;standing;100;False;1;0;200;2;True;0;7.0;7.0;False;0;1.0;50.0;23,0;25,0;adb1fb0d-b0d2-481b-a5be-aab4343e974c
181;181;2019-01-01T11:03:01.0000000+01:00;10;green;standing;100;False;5;0;0;0;False;0;10.0;16.0;False;0;1.0;1.0;8,0;20,0;a3a654c1-2f8b-402c-8125-b2e7b201bfa2
181;181;2019-01-01T11:03:01.0000000+01:00;10;red;standing;100;False;1;0;200;2;True;0;7.0;7.0;False;0;1.0;50.0;23,0;25,0;adb1fb0d-b0d2-481b-a5be-aab4343e974c
182;182;2019-01-01T11:03:02.0000000+01:00;10;green;standing;100;False;5;0;0;0;False;0;10.0;16.0;False;0;1.0;1.0;9,0;20,0;a3a654c1-2f8b-402c-8125-b2e7b201bfa2
182;182;2019-01-01T11:03:02.0000000+01:00;10;red;standing;100;False;1;0;200;2;True;0;7.0;7.0;False;0;1.0;50.0;23,0;25,0;adb1fb0d-b0d2-481b-a5be-aab4343e974c
183;183;2019-01-01T11:03:03.0000000+01:00;10;green;standing;100;False;5;0;0;0;False;0;10.0;16.0;False;0;1.0;1.0;10,0;19,0;a3a654c1-2f8b-402c-8125-b2e7b201bfa2
183;183;2019-01-01T11:03:03.0000000+01:00;10;red;standing;100;False;1;0;200;2;True;0;7.0;7.0;False;0;1.0;50.0;23,0;25,0;adb1fb0d-b0d2-481b-a5be-aab4343e974c
184;184;2019-01-01T11:03:04.0000000+01:00;10;green;standing;100;False;5;0;0;0;False;0;10.0;16.0;False;0;1.0;1.0;10,0;18,0;a3a654c1-2f8b-402c-8125-b2e7b201bfa2
184;184;2019-01-01T11:03:04.0000000+01:00;10;red;standing;100;False;1;0;200;2;True;0;7.0;7.0;False;0;1.0;50.0;23,0;25,0;adb1fb0d-b0d2-481b-a5be-aab4343e974c
185;185;2019-01-01T11:03:05.0000000+01:00;10;green;standing;100;False;5;0;0;0;False;0;10.0;16.0;False;0;1.0;1.0;10,0;17,0;a3a654c1-2f8b-402c-8125-b2e7b201bfa2
185;185;2019-01-01T11:03:05.0000000+01:00;10;red;standing;100;False;1;0;200;2;True;0;7.0;7.0;False;0;1.0;50.0;23,0;25,0;adb1fb0d-b0d2-481b-a5be-aab4343e974c
186;186;2019-01-01T11:03:06.0000000+01:00;10;green;standing;100;False;5;0;0;0;False;0;10.0;16.0;False;0;1.0;1.0;10,0;16,0;a3a654c1-2f8b-402c-8125-b2e7b201bfa2
186;186;2019-01-01T11:03:06.0000000+01:00;10;red;standing;100;False;1;0;200;2;True;0;7.0;7.0;False;0;1.0;50.0;23,0;25,0;adb1fb0d-b0d2-481b-a5be-aab4343e974c
187;187;2019-01-01T11:03:07.0000000+01:00;10;green;standing;100;False;5;0;0;0;False;0;10.0;16.0;False;0;1.0;1.0;10,0;15,0;a3a654c1-2f8b-402c-8125-b2e7b201bfa2
187;187;2019-01-01T11:03:07.0000000+01:00;10;red;standing;100;False;1;0;200;2;True;0;7.0;7.0;False;0;1.0;50.0;23,0;25,0;adb1fb0d-b0d2-481b-a5be-aab4343e974c
188;188;2019-01-01T11:03:08.0000000+01:00;10;green;standing;100;False;5;0;0;0;False;0;10.0;16.0;False;0;1.0;1.0;9,0;14,0;a3a654c1-2f8b-402c-8125-b2e7b201bfa2
188;188;2019-01-01T11:03:08.0000000+01:00;10;red;standing;100;False;1;0;200;2;True;0;7.0;7.0;False;0;1.0;50.0;23,0;25,0;adb1fb0d-b0d2-481b-a5be-aab4343e974c
189;189;2019-01-01T11:03:09.0000000+01:00;10;green;standing;100;False;5;0;0;0;False;0;10.0;16.0;False;0;1.0;1.0;8,0;13,0;a3a654c1-2f8b-402c-8125-b2e7b201bfa2
189;189;2019-01-01T11:03:09.0000000+01:00;10;red;standing;100;False;1;0;200;2;True;0;7.0;7.0;False;0;1.0;50.0;23,0;25,0;adb1fb0d-b0d2-481b-a5be-aab4343e974c
190;190;2019-01-01T11:03:10.0000000+01:00;10;green;standing;100;False;5;0;0;0;False;0;10.0;16.0;False;0;1.0;1.0;7,0;12,0;a3a654c1-2f8b-402c-8125-b2e7b201bfa2
190;190;2019-01-01T11:03:10.0000000+01:00;10;red;standing;100;False;1;0;200;2;True;0;7.0;7.0;False;0;1.0;50.0;23,0;25,0;adb1fb0d-b0d2-481b-a5be-aab4343e974c
191;191;2019-01-01T11:03:11.0000000+01:00;10;green;standing;100;False;5;0;0;0;False;0;10.0;16.0;False;0;1.0;1.0;7,0;11,0;a3a654c1-2f8b-402c-8125-b2e7b201bfa2
191;191;2019-01-01T11:03:11.0000000+01:00;10;red;standing;100;False;1;0;200;2;True;0;7.0;7.0;False;0;1.0;50.0;23,0;25,0;adb1fb0d-b0d2-481b-a5be-aab4343e974c
192;192;2019-01-01T11:03:12.0000000+01:00;10;green;standing;100;False;5;0;0;0;False;0;10.0;16.0;False;0;1.0;1.0;7,0;10,0;a3a654c1-2f8b-402c-8125-b2e7b201bfa2
192;192;2019-01-01T11:03:12.0000000+01:00;10;red;standing;100;False;1;0;200;2;True;0;7.0;7.0;False;0;1.0;50.0;23,0;25,0;adb1fb0d-b0d2-481b-a5be-aab4343e974c
193;193;2019-01-01T11:03:13.0000000+01:00;10;green;standing;100;False;5;0;0;0;False;0;10.0;16.0;False;0;1.0;1.0;7,0;9,0;a3a654c1-2f8b-402c-8125-b2e7b201bfa2
193;193;2019-01-01T11:03:13.0000000+01:00;10;red;standing;100;False;1;0;200;2;True;0;7.0;7.0;False;0;1.0;50.0;23,0;25,0;adb1fb0d-b0d2-481b-a5be-aab4343e974c
194;194;2019-01-01T11:03:14.0000000+01:00;10;green;standing;100;False;5;0;0;0;False;0;10.0;16.0;False;0;1.0;1.0;7,0;8,0;a3a654c1-2f8b-402c-8125-b2e7b201bfa2
194;194;2019-01-01T11:03:14.0000000+01:00;10;red;standing;100;False;1;0;200;2;True;0;7.0;7.0;False;0;1.0;50.0;23,0;25,0;adb1fb0d-b0d2-481b-a5be-aab4343e974c
195;195;2019-01-01T11:03:15.0000000+01:00;10;green;standing;100;False;5;0;0;0;False;0;10.0;16.0;False;0;1.0;1.0;7,0;7,0;a3a654c1-2f8b-402c-8125-b2e7b201bfa2
195;195;2019-01-01T11:03:15.0000000+01:00;10;red;standing;100;False;1;0;200;2;True;0;7.0;7.0;False;0;1.0;50.0;23,0;25,0;adb1fb0d-b0d2-481b-a5be-aab4343e974c
196;196;2019-01-01T11:03:16.0000000+01:00;10;green;standing;100;False;5;0;0;0;False;0;10.0;16.0;False;0;1.0;1.0;8,0;6,0;a3a654c1-2f8b-402c-8125-b2e7b201bfa2
196;196;2019-01-01T11:03:16.0000000+01:00;10;red;standing;100;False;1;0;200;2;True;0;7.0;7.0;False;0;1.0;50.0;23,0;25,0;adb1fb0d-b0d2-481b-a5be-aab4343e974c
197;197;2019-01-01T11:03:17.0000000+01:00;10;green;standing;100;False;5;0;0;0;False;0;10.0;16.0;False;0;1.0;1.0;9,0;6,0;a3a654c1-2f8b-402c-8125-b2e7b201bfa2
197;197;2019-01-01T11:03:17.0000000+01:00;10;red;standing;100;False;1;0;200;2;True;0;7.0;7.0;False;0;1.0;50.0;23,0;25,0;adb1fb0d-b0d2-481b-a5be-aab4343e974c
198;198;2019-01-01T11:03:18.0000000+01:00;10;green;standing;100;False;5;0;0;0;False;0;10.0;16.0;False;0;1.0;1.0;10,0;6,0;a3a654c1-2f8b-402c-8125-b2e7b201bfa2
198;198;2019-01-01T11:03:18.0000000+01:00;10;red;standing;100;False;1;0;200;2;True;0;7.0;7.0;False;0;1.0;50.0;23,0;25,0;adb1fb0d-b0d2-481b-a5be-aab4343e974c
199;199;2019-01-01T11:03:19.0000000+01:00;10;green;standing;100;False;5;0;0;0;False;0;10.0;16.0;False;0;1.0;1.0;11,0;6,0;a3a654c1-2f8b-402c-8125-b2e7b201bfa2
199;199;2019-01-01T11:03:19.0000000+01:00;10;red;standing;100;False;1;0;200;2;True;0;7.0;7.0;False;0;1.0;50.0;23,0;25,0;adb1fb0d-b0d2-481b-a5be-aab4343e974c
200;200;2019-01-01T11:03:20.0000000+01:00;10;green;standing;100;False;5;0;0;0;False;0;10.0;16.0;False;0;1.0;1.0;12,0;6,0;a3a654c1-2f8b-402c-8125-b2e7b201bfa2
200;200;2019-01-01T11:03:20.0000000+01:00;10;red;standing;100;False;1;0;200;2;True;0;7.0;7.0;False;0;1.0;50.0;23,0;25,0;adb1fb0d-b0d2-481b-a5be-aab4343e974c
201;201;2019-01-01T11:03:21.0000000+01:00;10;green;standing;100;False;5;0;0;0;False;0;10.0;16.0;False;0;1.0;1.0;13,0;6,0;a3a654c1-2f8b-402c-8125-b2e7b201bfa2
201;201;2019-01-01T11:03:21.0000000+01:00;10;red;standing;100;False;1;0;200;2;True;0;7.0;7.0;False;0;1.0;50.0;23,0;25,0;adb1fb0d-b0d2-481b-a5be-aab4343e974c
202;202;2019-01-01T11:03:22.0000000+01:00;10;green;standing;100;False;5;0;0;0;False;0;10.0;16.0;False;0;1.0;1.0;14,0;6,0;a3a654c1-2f8b-402c-8125-b2e7b201bfa2
202;202;2019-01-01T11:03:22.0000000+01:00;10;red;standing;100;False;1;0;200;2;True;0;7.0;7.0;False;0;1.0;50.0;23,0;25,0;adb1fb0d-b0d2-481b-a5be-aab4343e974c
203;203;2019-01-01T11:03:23.0000000+01:00;10;green;standing;100;False;5;0;0;0;False;0;10.0;16.0;False;0;1.0;1.0;15,0;7,0;a3a654c1-2f8b-402c-8125-b2e7b201bfa2
203;203;2019-01-01T11:03:23.0000000+01:00;10;red;standing;100;False;1;0;200;2;True;0;7.0;7.0;False;0;1.0;50.0;23,0;25,0;adb1fb0d-b0d2-481b-a5be-aab4343e974c
204;204;2019-01-01T11:03:24.0000000+01:00;10;green;standing;100;False;5;0;0;0;False;0;10.0;16.0;False;0;1.0;1.0;15,0;8,0;a3a654c1-2f8b-402c-8125-b2e7b201bfa2
204;204;2019-01-01T11:03:24.0000000+01:00;10;red;standing;100;False;1;0;200;2;True;0;7.0;7.0;False;0;1.0;50.0;23,0;25,0;adb1fb0d-b0d2-481b-a5be-aab4343e974c
205;205;2019-01-01T11:03:25.0000000+01:00;10;green;standing;100;False;5;0;0;0;False;0;10.0;16.0;False;0;1.0;1.0;15,0;9,0;a3a654c1-2f8b-402c-8125-b2e7b201bfa2
205;205;2019-01-01T11:03:25.0000000+01:00;10;red;standing;100;False;1;0;200;2;True;0;7.0;7.0;False;0;1.0;50.0;23,0;25,0;adb1fb0d-b0d2-481b-a5be-aab4343e974c
206;206;2019-01-01T11:03:26.0000000+01:00;10;green;standing;100;False;5;0;0;0;False;0;10.0;16.0;False;0;1.0;1.0;15,0;10,0;a3a654c1-2f8b-402c-8125-b2e7b201bfa2
206;206;2019-01-01T11:03:26.0000000+01:00;10;red;standing;100;False;1;0;200;2;True;0;7.0;7.0;False;0;1.0;50.0;23,0;25,0;adb1fb0d-b0d2-481b-a5be-aab4343e974c
207;207;2019-01-01T11:03:27.0000000+01:00;10;green;standing;100;False;5;0;0;0;False;0;10.0;16.0;False;0;1.0;1.0;15,0;11,0;a3a654c1-2f8b-402c-8125-b2e7b201bfa2
207;207;2019-01-01T11:03:27.0000000+01:00;10;red;standing;100;False;1;0;200;2;True;0;7.0;7.0;False;0;1.0;50.0;23,0;25,0;adb1fb0d-b0d2-481b-a5be-aab4343e974c
208;208;2019-01-01T11:03:28.0000000+01:00;10;green;standing;100;False;5;0;0;0;False;0;10.0;16.0;False;0;1.0;1.0;15,0;12,0;a3a654c1-2f8b-402c-8125-b2e7b201bfa2
208;208;2019-01-01T11:03:28.0000000+01:00;10;red;standing;100;False;1;0;200;2;True;0;7.0;7.0;False;0;1.0;50.0;23,0;25,0;adb1fb0d-b0d2-481b-a5be-aab4343e974c
209;209;2019-01-01T11:03:29.0000000+01:00;10;green;standing;100;False;5;0;0;0;False;0;10.0;16.0;False;0;1.0;1.0;15,0;13,0;a3a654c1-2f8b-402c-8125-b2e7b201bfa2
209;209;2019-01-01T11:03:29.0000000+01:00;10;red;standing;100;False;1;0;200;2;True;0;7.0;7.0;False;0;1.0;50.0;23,0;25,0;adb1fb0d-b0d2-481b-a5be-aab4343e974c
210;210;2019-01-01T11:03:30.0000000+01:00;10;green;standing;100;False;5;0;0;0;False;0;10.0;16.0;False;0;1.0;1.0;15,0;14,0;a3a654c1-2f8b-402c-8125-b2e7b201bfa2
210;210;2019-01-01T11:03:30.0000000+01:00;10;red;standing;100;False;1;0;200;2;True;0;7.0;7.0;False;0;1.0;50.0;23,0;25,0;adb1fb0d-b0d2-481b-a5be-aab4343e974c
211;211;2019-01-01T11:03:31.0000000+01:00;10;green;standing;100;False;5;0;0;0;False;0;10.0;16.0;False;0;1.0;1.0;16,0;15,0;a3a654c1-2f8b-402c-8125-b2e7b201bfa2
211;211;2019-01-01T11:03:31.0000000+01:00;10;red;standing;100;False;1;0;200;2;True;0;7.0;7.0;False;0;1.0;50.0;23,0;25,0;adb1fb0d-b0d2-481b-a5be-aab4343e974c
212;212;2019-01-01T11:03:32.0000000+01:00;10;green;standing;100;False;5;0;0;0;False;0;10.0;16.0;False;0;1.0;1.0;17,0;16,0;a3a654c1-2f8b-402c-8125-b2e7b201bfa2
212;212;2019-01-01T11:03:32.0000000+01:00;10;red;standing;100;False;1;0;200;2;True;0;7.0;7.0;False;0;1.0;50.0;23,0;25,0;adb1fb0d-b0d2-481b-a5be-aab4343e974c
213;213;2019-01-01T11:03:33.0000000+01:00;10;green;standing;100;False;5;0;0;0;False;0;10.0;16.0;False;0;1.0;1.0;18,0;17,0;a3a654c1-2f8b-402c-8125-b2e7b201bfa2
213;213;2019-01-01T11:03:33.0000000+01:00;10;red;standing;100;False;1;0;200;2;True;0;7.0;7.0;False;0;1.0;50.0;23,0;25,0;adb1fb0d-b0d2-481b-a5be-aab4343e974c
214;214;2019-01-01T11:03:34.0000000+01:00;10;green;standing;100;False;5;0;0;0;False;0;10.0;16.0;False;0;1.0;1.0;19,0;18,0;a3a654c1-2f8b-402c-8125-b2e7b201bfa2
214;214;2019-01-01T11:03:34.0000000+01:00;10;red;standing;100;False;1;0;200;2;True;0;7.0;7.0;False;0;1.0;50.0;23,0;25,0;adb1fb0d-b0d2-481b-a5be-aab4343e974c
215;215;2019-01-01T11:03:35.0000000+01:00;10;green;standing;100;False;5;0;0;0;False;0;10.0;16.0;False;0;1.0;1.0;20,0;19,0;a3a654c1-2f8b-402c-8125-b2e7b201bfa2
215;215;2019-01-01T11:03:35.0000000+01:00;10;red;standing;100;False;0;0;200;2;True;0;7.0;7.0;False;0;1.0;50.0;23,0;25,0;adb1fb0d-b0d2-481b-a5be-aab4343e974c
216;216;2019-01-01T11:03:36.0000000+01:00;10;green;standing;100;False;5;0;0;0;False;0;10.0;16.0;False;0;1.0;1.0;20,0;20,0;a3a654c1-2f8b-402c-8125-b2e7b201bfa2
216;216;2019-01-01T11:03:36.0000000+01:00;10;red;standing;100;False;4;0;200;2;True;0;7.0;7.0;False;0;1.0;50.0;23,0;25,0;adb1fb0d-b0d2-481b-a5be-aab4343e974c
217;217;2019-01-01T11:03:37.0000000+01:00;10;green;standing;90;False;5;0;0;0;False;0;10.0;16.0;True;1;1.0;1.0;21,0;21,0;a3a654c1-2f8b-402c-8125-b2e7b201bfa2
217;217;2019-01-01T11:03:37.0000000+01:00;10;red;standing;100;False;3;0;210;2;True;1;7.0;7.0;False;0;1.0;50.0;23,0;25,0;adb1fb0d-b0d2-481b-a5be-aab4343e974c
218;218;2019-01-01T11:03:38.0000000+01:00;10;green;standing;90;False;5;0;0;1;False;0;10.0;16.0;True;0;1.0;1.0;22,0;22,0;a3a654c1-2f8b-402c-8125-b2e7b201bfa2
218;218;2019-01-01T11:03:38.0000000+01:00;10;red;standing;100;False;2;0;210;2;True;0;7.0;7.0;False;0;1.0;50.0;23,0;25,0;adb1fb0d-b0d2-481b-a5be-aab4343e974c
219;219;2019-01-01T11:03:39.0000000+01:00;10;green;lying;80;False;5;2;0;2;False;0;8.0;14.0;True;1;1.0;1.0;23,0;21,0;a3a654c1-2f8b-402c-8125-b2e7b201bfa2
219;219;2019-01-01T11:03:39.0000000+01:00;10;red;standing;100;False;1;0;220;2;True;1;7.0;7.0;False;0;1.0;50.0;23,0;25,0;adb1fb0d-b0d2-481b-a5be-aab4343e974c
220;220;2019-01-01T11:03:40.0000000+01:00;10;green;lying;80;False;5;1;0;2;False;0;8.0;14.0;True;0;1.0;1.0;23,0;21,0;a3a654c1-2f8b-402c-8125-b2e7b201bfa2
220;220;2019-01-01T11:03:40.0000000+01:00;10;red;standing;100;False;0;0;220;2;True;0;7.0;7.0;False;0;1.0;50.0;23,0;25,0;adb1fb0d-b0d2-481b-a5be-aab4343e974c
221;221;2019-01-01T11:03:41.0000000+01:00;10;green;lying;80;False;5;0;0;2;False;0;8.0;14.0;True;0;1.0;1.0;23,0;21,0;a3a654c1-2f8b-402c-8125-b2e7b201bfa2
221;221;2019-01-01T11:03:41.0000000+01:00;10;red;standing;100;False;4;0;220;2;True;0;7.0;7.0;False;0;1.0;50.0;23,0;25,0;adb1fb0d-b0d2-481b-a5be-aab4343e974c
222;222;2019-01-01T11:03:42.0000000+01:00;10;green;lying;80;False;5;0;0;2;False;0;8.0;14.0;True;0;1.0;1.0;23,0;21,0;a3a654c1-2f8b-402c-8125-b2e7b201bfa2
222;222;2019-01-01T11:03:42.0000000+01:00;10;red;standing;100;False;3;0;220;2;True;0;7.0;7.0;False;0;1.0;50.0;23,0;25,0;adb1fb0d-b0d2-481b-a5be-aab4343e974c
223;223;2019-01-01T11:03:43.0000000+01:00;10;green;lying;80;False;5;0;0;2;False;0;8.0;14.0;True;0;1.0;1.0;23,0;21,0;a3a654c1-2f8b-402c-8125-b2e7b201bfa2
223;223;2019-01-01T11:03:43.0000000+01:00;10;red;standing;100;False;2;0;220;2;True;0;7.0;7.0;False;0;1.0;50.0;23,0;25,0;adb1fb0d-b0d2-481b-a5be-aab4343e974c
224;224;2019-01-01T11:03:44.0000000+01:00;10;green;lying;70;False;5;0;0;2;False;0;8.0;14.0;True;2;1.0;1.0;23,0;21,0;a3a654c1-2f8b-402c-8125-b2e7b201bfa2
224;224;2019-01-01T11:03:44.0000000+01:00;10;red;standing;100;False;1;0;230;2;True;1;7.0;7.0;False;0;1.0;50.0;23,0;25,0;adb1fb0d-b0d2-481b-a5be-aab4343e974c
225;225;2019-01-01T11:03:45.0000000+01:00;10;green;lying;60;False;5;0;0;2;False;0;8.0;14.0;True;2;1.0;1.0;23,0;21,0;a3a654c1-2f8b-402c-8125-b2e7b201bfa2
225;225;2019-01-01T11:03:45.0000000+01:00;10;red;standing;100;False;0;0;240;2;True;1;7.0;7.0;False;0;1.0;50.0;23,0;25,0;adb1fb0d-b0d2-481b-a5be-aab4343e974c
226;226;2019-01-01T11:03:46.0000000+01:00;10;green;lying;50;False;5;0;0;2;False;0;8.0;14.0;True;2;1.0;1.0;23,0;21,0;a3a654c1-2f8b-402c-8125-b2e7b201bfa2
226;226;2019-01-01T11:03:46.0000000+01:00;10;red;standing;100;False;4;0;250;2;True;1;7.0;7.0;False;0;1.0;50.0;23,0;25,0;adb1fb0d-b0d2-481b-a5be-aab4343e974c
227;227;2019-01-01T11:03:47.0000000+01:00;10;green;lying;50;False;5;0;0;2;False;0;8.0;14.0;True;1;1.0;1.0;23,0;21,0;a3a654c1-2f8b-402c-8125-b2e7b201bfa2
227;227;2019-01-01T11:03:47.0000000+01:00;10;red;standing;100;False;3;0;250;2;True;0;7.0;7.0;False;0;1.0;50.0;23,0;25,0;adb1fb0d-b0d2-481b-a5be-aab4343e974c
228;228;2019-01-01T11:03:48.0000000+01:00;10;green;lying;40;False;5;0;0;2;False;0;8.0;14.0;True;2;1.0;1.0;23,0;21,0;a3a654c1-2f8b-402c-8125-b2e7b201bfa2
228;228;2019-01-01T11:03:48.0000000+01:00;10;red;standing;100;False;2;0;260;2;True;1;7.0;7.0;False;0;1.0;50.0;23,0;25,0;adb1fb0d-b0d2-481b-a5be-aab4343e974c
229;229;2019-01-01T11:03:49.0000000+01:00;10;green;lying;40;False;5;0;0;2;False;0;8.0;14.0;True;1;1.0;1.0;23,0;21,0;a3a654c1-2f8b-402c-8125-b2e7b201bfa2
229;229;2019-01-01T11:03:49.0000000+01:00;10;red;standing;100;False;1;0;260;2;True;0;7.0;7.0;False;0;1.0;50.0;23,0;25,0;adb1fb0d-b0d2-481b-a5be-aab4343e974c
230;230;2019-01-01T11:03:50.0000000+01:00;10;green;lying;30;False;5;0;0;2;False;0;8.0;14.0;True;2;1.0;1.0;23,0;21,0;a3a654c1-2f8b-402c-8125-b2e7b201bfa2
230;230;2019-01-01T11:03:50.0000000+01:00;10;red;standing;100;False;0;0;270;2;True;1;7.0;7.0;False;0;1.0;50.0;23,0;25,0;adb1fb0d-b0d2-481b-a5be-aab4343e974c
231;231;2019-01-01T11:03:51.0000000+01:00;10;green;lying;30;False;5;0;0;2;False;0;8.0;14.0;True;1;1.0;1.0;23,0;21,0;a3a654c1-2f8b-402c-8125-b2e7b201bfa2
231;231;2019-01-01T11:03:51.0000000+01:00;10;red;standing;100;False;4;0;270;2;True;0;7.0;7.0;False;0;1.0;50.0;23,0;25,0;adb1fb0d-b0d2-481b-a5be-aab4343e974c
232;232;2019-01-01T11:03:52.0000000+01:00;10;green;lying;30;False;5;0;0;2;False;0;8.0;14.0;True;0;1.0;1.0;23,0;21,0;a3a654c1-2f8b-402c-8125-b2e7b201bfa2
232;232;2019-01-01T11:03:52.0000000+01:00;10;red;standing;100;False;3;0;270;2;True;0;7.0;7.0;False;0;1.0;50.0;23,0;25,0;adb1fb0d-b0d2-481b-a5be-aab4343e974c
233;233;2019-01-01T11:03:53.0000000+01:00;10;green;lying;20;False;5;0;0;2;False;0;8.0;14.0;True;2;1.0;1.0;23,0;21,0;a3a654c1-2f8b-402c-8125-b2e7b201bfa2
233;233;2019-01-01T11:03:53.0000000+01:00;10;red;standing;100;False;2;0;280;2;True;1;7.0;7.0;False;0;1.0;50.0;23,0;25,0;adb1fb0d-b0d2-481b-a5be-aab4343e974c
234;234;2019-01-01T11:03:54.0000000+01:00;10;green;lying;20;False;5;0;0;2;False;0;8.0;14.0;True;1;1.0;1.0;23,0;21,0;a3a654c1-2f8b-402c-8125-b2e7b201bfa2
234;234;2019-01-01T11:03:54.0000000+01:00;10;red;standing;100;False;1;0;280;2;True;0;7.0;7.0;False;0;1.0;50.0;23,0;25,0;adb1fb0d-b0d2-481b-a5be-aab4343e974c
235;235;2019-01-01T11:03:55.0000000+01:00;10;green;lying;20;False;5;0;0;2;False;0;8.0;14.0;True;0;1.0;1.0;23,0;21,0;a3a654c1-2f8b-402c-8125-b2e7b201bfa2
235;235;2019-01-01T11:03:55.0000000+01:00;10;red;standing;100;False;0;0;280;2;True;0;7.0;7.0;False;0;1.0;50.0;23,0;25,0;adb1fb0d-b0d2-481b-a5be-aab4343e974c
236;236;2019-01-01T11:03:56.0000000+01:00;10;green;lying;20;False;5;0;0;2;False;0;8.0;14.0;True;0;1.0;1.0;23,0;21,0;a3a654c1-2f8b-402c-8125-b2e7b201bfa2
236;236;2019-01-01T11:03:56.0000000+01:00;10;red;standing;100;False;4;0;280;2;True;0;7.0;7.0;False;0;1.0;50.0;23,0;25,0;adb1fb0d-b0d2-481b-a5be-aab4343e974c
237;237;2019-01-01T11:03:57.0000000+01:00;10;green;lying;20;False;5;0;0;2;False;0;8.0;14.0;True;0;1.0;1.0;23,0;21,0;a3a654c1-2f8b-402c-8125-b2e7b201bfa2
237;237;2019-01-01T11:03:57.0000000+01:00;10;red;standing;100;False;3;0;280;2;True;0;7.0;7.0;False;0;1.0;50.0;23,0;25,0;adb1fb0d-b0d2-481b-a5be-aab4343e974c
238;238;2019-01-01T11:03:58.0000000+01:00;10;green;lying;20;False;5;0;0;2;False;0;8.0;14.0;True;0;1.0;1.0;23,0;21,0;a3a654c1-2f8b-402c-8125-b2e7b201bfa2
238;238;2019-01-01T11:03:58.0000000+01:00;10;red;standing;100;False;2;0;280;2;True;0;7.0;7.0;False;0;1.0;50.0;23,0;25,0;adb1fb0d-b0d2-481b-a5be-aab4343e974c
239;239;2019-01-01T11:03:59.0000000+01:00;10;green;lying;20;False;5;0;0;2;False;0;8.0;14.0;True;0;1.0;1.0;23,0;21,0;a3a654c1-2f8b-402c-8125-b2e7b201bfa2
239;239;2019-01-01T11:03:59.0000000+01:00;10;red;standing;100;False;1;0;280;2;True;0;7.0;7.0;False;0;1.0;50.0;23,0;25,0;adb1fb0d-b0d2-481b-a5be-aab4343e974c
240;240;2019-01-01T11:04:00.0000000+01:00;10;green;lying;10;False;5;0;0;2;False;0;8.0;14.0;True;2;1.0;1.0;23,0;21,0;a3a654c1-2f8b-402c-8125-b2e7b201bfa2
240;240;2019-01-01T11:04:00.0000000+01:00;10;red;standing;100;False;0;0;290;2;True;1;7.0;7.0;False;0;1.0;50.0;23,0;25,0;adb1fb0d-b0d2-481b-a5be-aab4343e974c
241;241;2019-01-01T11:04:01.0000000+01:00;10;green;standing;100;False;5;0;0;0;False;0;10.0;19.0;False;0;1.0;1.0;1,0;1,0;a3a654c1-2f8b-402c-8125-b2e7b201bfa2
241;241;2019-01-01T11:04:01.0000000+01:00;10;red;standing;100;False;4;0;300;2;True;1;7.0;7.0;False;0;1.0;50.0;23,0;25,0;adb1fb0d-b0d2-481b-a5be-aab4343e974c
242;242;2019-01-01T11:04:02.0000000+01:00;10;green;standing;100;False;5;0;0;0;False;0;10.0;19.0;False;0;1.0;1.0;1,0;2,0;a3a654c1-2f8b-402c-8125-b2e7b201bfa2
242;242;2019-01-01T11:04:02.0000000+01:00;10;red;standing;100;False;4;0;300;2;True;0;7.0;7.0;False;0;1.0;50.0;23,0;25,0;adb1fb0d-b0d2-481b-a5be-aab4343e974c
243;243;2019-01-01T11:04:03.0000000+01:00;10;green;standing;100;False;5;0;0;0;False;0;10.0;19.0;False;0;1.0;1.0;1,0;3,0;a3a654c1-2f8b-402c-8125-b2e7b201bfa2
243;243;2019-01-01T11:04:03.0000000+01:00;10;red;standing;100;False;4;0;300;2;True;0;7.0;7.0;False;0;1.0;50.0;23,0;25,0;adb1fb0d-b0d2-481b-a5be-aab4343e974c
244;244;2019-01-01T11:04:04.0000000+01:00;10;green;standing;100;False;5;0;0;0;False;0;10.0;19.0;False;0;1.0;1.0;1,0;4,0;a3a654c1-2f8b-402c-8125-b2e7b201bfa2
244;244;2019-01-01T11:04:04.0000000+01:00;10;red;standing;100;False;4;0;300;2;True;0;7.0;7.0;False;0;1.0;50.0;23,0;25,0;adb1fb0d-b0d2-481b-a5be-aab4343e974c
245;245;2019-01-01T11:04:05.0000000+01:00;10;green;standing;100;False;5;0;0;0;False;0;10.0;19.0;False;0;1.0;1.0;1,0;5,0;a3a654c1-2f8b-402c-8125-b2e7b201bfa2
245;245;2019-01-01T11:04:05.0000000+01:00;10;red;standing;100;False;4;0;300;2;True;0;7.0;7.0;False;0;1.0;50.0;23,0;25,0;adb1fb0d-b0d2-481b-a5be-aab4343e974c
246;246;2019-01-01T11:04:06.0000000+01:00;10;green;standing;100;False;5;0;0;0;False;0;10.0;19.0;False;0;1.0;1.0;1,0;6,0;a3a654c1-2f8b-402c-8125-b2e7b201bfa2
246;246;2019-01-01T11:04:06.0000000+01:00;10;red;standing;100;False;4;0;300;2;True;0;7.0;7.0;False;0;1.0;50.0;23,0;25,0;adb1fb0d-b0d2-481b-a5be-aab4343e974c
247;247;2019-01-01T11:04:07.0000000+01:00;10;green;standing;100;False;5;0;0;0;False;0;10.0;19.0;False;0;1.0;1.0;1,0;7,0;a3a654c1-2f8b-402c-8125-b2e7b201bfa2
247;247;2019-01-01T11:04:07.0000000+01:00;10;red;standing;100;False;4;0;300;2;True;0;7.0;7.0;False;0;1.0;50.0;23,0;25,0;adb1fb0d-b0d2-481b-a5be-aab4343e974c
248;248;2019-01-01T11:04:08.0000000+01:00;10;green;standing;100;False;5;0;0;0;False;0;10.0;19.0;False;0;1.0;1.0;1,0;8,0;a3a654c1-2f8b-402c-8125-b2e7b201bfa2
248;248;2019-01-01T11:04:08.0000000+01:00;10;red;standing;100;False;4;0;300;2;True;0;7.0;7.0;False;0;1.0;50.0;23,0;25,0;adb1fb0d-b0d2-481b-a5be-aab4343e974c
249;249;2019-01-01T11:04:09.0000000+01:00;10;green;standing;100;False;5;0;0;0;False;0;10.0;19.0;False;0;1.0;1.0;1,0;9,0;a3a654c1-2f8b-402c-8125-b2e7b201bfa2
249;249;2019-01-01T11:04:09.0000000+01:00;10;red;standing;100;False;4;0;300;2;True;0;7.0;7.0;False;0;1.0;50.0;23,0;25,0;adb1fb0d-b0d2-481b-a5be-aab4343e974c
250;250;2019-01-01T11:04:10.0000000+01:00;10;green;standing;100;False;5;0;0;0;False;0;10.0;19.0;False;0;1.0;1.0;1,0;10,0;a3a654c1-2f8b-402c-8125-b2e7b201bfa2
250;250;2019-01-01T11:04:10.0000000+01:00;10;red;standing;100;False;4;0;300;2;True;0;7.0;7.0;False;0;1.0;50.0;23,0;25,0;adb1fb0d-b0d2-481b-a5be-aab4343e974c
251;251;2019-01-01T11:04:11.0000000+01:00;10;green;standing;100;False;5;0;0;0;False;0;10.0;19.0;False;0;1.0;1.0;1,0;11,0;a3a654c1-2f8b-402c-8125-b2e7b201bfa2
251;251;2019-01-01T11:04:11.0000000+01:00;10;red;standing;100;False;4;0;300;2;True;0;7.0;7.0;False;0;1.0;50.0;23,0;25,0;adb1fb0d-b0d2-481b-a5be-aab4343e974c
252;252;2019-01-01T11:04:12.0000000+01:00;10;green;standing;100;False;5;0;0;0;False;0;10.0;19.0;False;0;1.0;1.0;1,0;12,0;a3a654c1-2f8b-402c-8125-b2e7b201bfa2
252;252;2019-01-01T11:04:12.0000000+01:00;10;red;standing;100;False;4;0;300;2;True;0;7.0;7.0;False;0;1.0;50.0;23,0;25,0;adb1fb0d-b0d2-481b-a5be-aab4343e974c
253;253;2019-01-01T11:04:13.0000000+01:00;10;green;standing;100;False;5;0;0;0;False;0;10.0;19.0;False;0;1.0;1.0;1,0;13,0;a3a654c1-2f8b-402c-8125-b2e7b201bfa2
253;253;2019-01-01T11:04:13.0000000+01:00;10;red;standing;100;False;4;0;300;2;True;0;7.0;7.0;False;0;1.0;50.0;23,0;25,0;adb1fb0d-b0d2-481b-a5be-aab4343e974c
254;254;2019-01-01T11:04:14.0000000+01:00;10;green;standing;100;False;5;0;0;0;False;0;10.0;19.0;False;0;1.0;1.0;1,0;14,0;a3a654c1-2f8b-402c-8125-b2e7b201bfa2
254;254;2019-01-01T11:04:14.0000000+01:00;10;red;standing;100;False;4;0;300;2;True;0;7.0;7.0;False;0;1.0;50.0;23,0;25,0;adb1fb0d-b0d2-481b-a5be-aab4343e974c
255;255;2019-01-01T11:04:15.0000000+01:00;10;green;standing;100;False;5;0;0;0;False;0;10.0;19.0;False;0;1.0;1.0;1,0;15,0;a3a654c1-2f8b-402c-8125-b2e7b201bfa2
255;255;2019-01-01T11:04:15.0000000+01:00;10;red;standing;100;False;4;0;300;2;True;0;7.0;7.0;False;0;1.0;50.0;23,0;25,0;adb1fb0d-b0d2-481b-a5be-aab4343e974c
256;256;2019-01-01T11:04:16.0000000+01:00;10;green;standing;100;False;5;0;0;0;False;0;10.0;19.0;False;0;1.0;1.0;1,0;16,0;a3a654c1-2f8b-402c-8125-b2e7b201bfa2
256;256;2019-01-01T11:04:16.0000000+01:00;10;red;standing;100;False;4;0;300;2;True;0;7.0;7.0;False;0;1.0;50.0;23,0;25,0;adb1fb0d-b0d2-481b-a5be-aab4343e974c
257;257;2019-01-01T11:04:17.0000000+01:00;10;green;standing;100;False;5;0;0;0;False;0;10.0;19.0;False;0;1.0;1.0;2,0;17,0;a3a654c1-2f8b-402c-8125-b2e7b201bfa2
257;257;2019-01-01T11:04:17.0000000+01:00;10;red;standing;100;False;4;0;300;2;True;0;7.0;7.0;False;0;1.0;50.0;23,0;25,0;adb1fb0d-b0d2-481b-a5be-aab4343e974c
258;258;2019-01-01T11:04:18.0000000+01:00;10;green;standing;100;False;5;0;0;0;False;0;10.0;19.0;False;0;1.0;1.0;3,0;18,0;a3a654c1-2f8b-402c-8125-b2e7b201bfa2
258;258;2019-01-01T11:04:18.0000000+01:00;10;red;standing;100;False;4;0;300;2;True;0;7.0;7.0;False;0;1.0;50.0;23,0;25,0;adb1fb0d-b0d2-481b-a5be-aab4343e974c
259;259;2019-01-01T11:04:19.0000000+01:00;10;green;standing;100;False;5;0;0;0;False;0;10.0;19.0;False;0;1.0;1.0;4,0;19,0;a3a654c1-2f8b-402c-8125-b2e7b201bfa2
259;259;2019-01-01T11:04:19.0000000+01:00;10;red;standing;100;False;4;0;300;2;True;0;7.0;7.0;False;0;1.0;50.0;23,0;25,0;adb1fb0d-b0d2-481b-a5be-aab4343e974c
260;260;2019-01-01T11:04:20.0000000+01:00;10;green;standing;100;False;5;0;0;0;False;0;10.0;19.0;False;0;1.0;1.0;5,0;20,0;a3a654c1-2f8b-402c-8125-b2e7b201bfa2
260;260;2019-01-01T11:04:20.0000000+01:00;10;red;standing;100;False;4;0;300;2;True;0;7.0;7.0;False;0;1.0;50.0;23,0;25,0;adb1fb0d-b0d2-481b-a5be-aab4343e974c
261;261;2019-01-01T11:04:21.0000000+01:00;10;green;standing;100;False;5;0;0;0;False;0;10.0;19.0;False;0;1.0;1.0;6,0;20,0;a3a654c1-2f8b-402c-8125-b2e7b201bfa2
261;261;2019-01-01T11:04:21.0000000+01:00;10;red;standing;100;False;4;0;300;2;True;0;7.0;7.0;False;0;1.0;50.0;23,0;25,0;adb1fb0d-b0d2-481b-a5be-aab4343e974c
262;262;2019-01-01T11:04:22.0000000+01:00;10;green;standing;100;False;5;0;0;0;False;0;10.0;19.0;False;0;1.0;1.0;7,0;20,0;a3a654c1-2f8b-402c-8125-b2e7b201bfa2
262;262;2019-01-01T11:04:22.0000000+01:00;10;red;standing;100;False;4;0;300;2;True;0;7.0;7.0;False;0;1.0;50.0;23,0;25,0;adb1fb0d-b0d2-481b-a5be-aab4343e974c
263;263;2019-01-01T11:04:23.0000000+01:00;10;green;standing;100;False;5;0;0;0;False;0;10.0;19.0;False;0;1.0;1.0;8,0;20,0;a3a654c1-2f8b-402c-8125-b2e7b201bfa2
263;263;2019-01-01T11:04:23.0000000+01:00;10;red;standing;100;False;4;0;300;2;True;0;7.0;7.0;False;0;1.0;50.0;23,0;25,0;adb1fb0d-b0d2-481b-a5be-aab4343e974c
264;264;2019-01-01T11:04:24.0000000+01:00;10;green;standing;100;False;5;0;0;0;False;0;10.0;19.0;False;0;1.0;1.0;9,0;20,0;a3a654c1-2f8b-402c-8125-b2e7b201bfa2
264;264;2019-01-01T11:04:24.0000000+01:00;10;red;standing;100;False;4;0;300;2;True;0;7.0;7.0;False;0;1.0;50.0;23,0;25,0;adb1fb0d-b0d2-481b-a5be-aab4343e974c
265;265;2019-01-01T11:04:25.0000000+01:00;10;green;standing;100;False;5;0;0;0;False;0;10.0;19.0;False;0;1.0;1.0;10,0;19,0;a3a654c1-2f8b-402c-8125-b2e7b201bfa2
265;265;2019-01-01T11:04:25.0000000+01:00;10;red;standing;100;False;4;0;300;2;True;0;7.0;7.0;False;0;1.0;50.0;23,0;25,0;adb1fb0d-b0d2-481b-a5be-aab4343e974c
266;266;2019-01-01T11:04:26.0000000+01:00;10;green;standing;100;False;5;0;0;0;False;0;10.0;19.0;False;0;1.0;1.0;10,0;18,0;a3a654c1-2f8b-402c-8125-b2e7b201bfa2
266;266;2019-01-01T11:04:26.0000000+01:00;10;red;standing;100;False;4;0;300;2;True;0;7.0;7.0;False;0;1.0;50.0;23,0;25,0;adb1fb0d-b0d2-481b-a5be-aab4343e974c
267;267;2019-01-01T11:04:27.0000000+01:00;10;green;standing;100;False;5;0;0;0;False;0;10.0;19.0;False;0;1.0;1.0;10,0;17,0;a3a654c1-2f8b-402c-8125-b2e7b201bfa2
267;267;2019-01-01T11:04:27.0000000+01:00;10;red;standing;100;False;4;0;300;2;True;0;7.0;7.0;False;0;1.0;50.0;23,0;25,0;adb1fb0d-b0d2-481b-a5be-aab4343e974c
268;268;2019-01-01T11:04:28.0000000+01:00;10;green;standing;100;False;5;0;0;0;False;0;10.0;19.0;False;0;1.0;1.0;10,0;16,0;a3a654c1-2f8b-402c-8125-b2e7b201bfa2
268;268;2019-01-01T11:04:28.0000000+01:00;10;red;standing;100;False;4;0;300;2;True;0;7.0;7.0;False;0;1.0;50.0;23,0;25,0;adb1fb0d-b0d2-481b-a5be-aab4343e974c
269;269;2019-01-01T11:04:29.0000000+01:00;10;green;standing;100;False;5;0;0;0;False;0;10.0;19.0;False;0;1.0;1.0;10,0;15,0;a3a654c1-2f8b-402c-8125-b2e7b201bfa2
269;269;2019-01-01T11:04:29.0000000+01:00;10;red;standing;100;False;4;0;300;2;True;0;7.0;7.0;False;0;1.0;50.0;23,0;25,0;adb1fb0d-b0d2-481b-a5be-aab4343e974c
270;270;2019-01-01T11:04:30.0000000+01:00;10;green;standing;100;False;5;0;0;0;False;0;10.0;19.0;False;0;1.0;1.0;9,0;14,0;a3a654c1-2f8b-402c-8125-b2e7b201bfa2
270;270;2019-01-01T11:04:30.0000000+01:00;10;red;standing;100;False;4;0;300;2;True;0;7.0;7.0;False;0;1.0;50.0;23,0;25,0;adb1fb0d-b0d2-481b-a5be-aab4343e974c
271;271;2019-01-01T11:04:31.0000000+01:00;10;green;standing;100;False;5;0;0;0;False;0;10.0;19.0;False;0;1.0;1.0;8,0;13,0;a3a654c1-2f8b-402c-8125-b2e7b201bfa2
271;271;2019-01-01T11:04:31.0000000+01:00;10;red;standing;100;False;4;0;300;2;True;0;7.0;7.0;False;0;1.0;50.0;23,0;25,0;adb1fb0d-b0d2-481b-a5be-aab4343e974c
272;272;2019-01-01T11:04:32.0000000+01:00;10;green;standing;100;False;5;0;0;0;False;0;10.0;19.0;False;0;1.0;1.0;7,0;12,0;a3a654c1-2f8b-402c-8125-b2e7b201bfa2
272;272;2019-01-01T11:04:32.0000000+01:00;10;red;standing;100;False;4;0;300;2;True;0;7.0;7.0;False;0;1.0;50.0;23,0;25,0;adb1fb0d-b0d2-481b-a5be-aab4343e974c
273;273;2019-01-01T11:04:33.0000000+01:00;10;green;standing;100;False;5;0;0;0;False;0;10.0;19.0;False;0;1.0;1.0;7,0;11,0;a3a654c1-2f8b-402c-8125-b2e7b201bfa2
273;273;2019-01-01T11:04:33.0000000+01:00;10;red;standing;100;False;4;0;300;2;True;0;7.0;7.0;False;0;1.0;50.0;23,0;25,0;adb1fb0d-b0d2-481b-a5be-aab4343e974c
274;274;2019-01-01T11:04:34.0000000+01:00;10;green;standing;100;False;5;0;0;0;False;0;10.0;19.0;False;0;1.0;1.0;7,0;10,0;a3a654c1-2f8b-402c-8125-b2e7b201bfa2
274;274;2019-01-01T11:04:34.0000000+01:00;10;red;standing;100;False;4;0;300;2;True;0;7.0;7.0;False;0;1.0;50.0;23,0;25,0;adb1fb0d-b0d2-481b-a5be-aab4343e974c
275;275;2019-01-01T11:04:35.0000000+01:00;10;green;standing;100;False;5;0;0;0;False;0;10.0;19.0;False;0;1.0;1.0;7,0;9,0;a3a654c1-2f8b-402c-8125-b2e7b201bfa2
275;275;2019-01-01T11:04:35.0000000+01:00;10;red;standing;100;False;4;0;300;2;True;0;7.0;7.0;False;0;1.0;50.0;23,0;25,0;adb1fb0d-b0d2-481b-a5be-aab4343e974c
276;276;2019-01-01T11:04:36.0000000+01:00;10;green;standing;100;False;5;0;0;0;False;0;10.0;19.0;False;0;1.0;1.0;7,0;8,0;a3a654c1-2f8b-402c-8125-b2e7b201bfa2
276;276;2019-01-01T11:04:36.0000000+01:00;10;red;standing;100;False;4;0;300;2;True;0;7.0;7.0;False;0;1.0;50.0;23,0;25,0;adb1fb0d-b0d2-481b-a5be-aab4343e974c
277;277;2019-01-01T11:04:37.0000000+01:00;10;green;standing;100;False;5;0;0;0;False;0;10.0;19.0;False;0;1.0;1.0;7,0;7,0;a3a654c1-2f8b-402c-8125-b2e7b201bfa2
277;277;2019-01-01T11:04:37.0000000+01:00;10;red;standing;100;False;4;0;300;2;True;0;7.0;7.0;False;0;1.0;50.0;23,0;25,0;adb1fb0d-b0d2-481b-a5be-aab4343e974c
278;278;2019-01-01T11:04:38.0000000+01:00;10;green;standing;100;False;5;0;0;0;False;0;10.0;19.0;False;0;1.0;1.0;8,0;6,0;a3a654c1-2f8b-402c-8125-b2e7b201bfa2
278;278;2019-01-01T11:04:38.0000000+01:00;10;red;standing;100;False;4;0;300;2;True;0;7.0;7.0;False;0;1.0;50.0;23,0;25,0;adb1fb0d-b0d2-481b-a5be-aab4343e974c
279;279;2019-01-01T11:04:39.0000000+01:00;10;green;standing;100;False;5;0;0;0;False;0;10.0;19.0;False;0;1.0;1.0;9,0;6,0;a3a654c1-2f8b-402c-8125-b2e7b201bfa2
279;279;2019-01-01T11:04:39.0000000+01:00;10;red;standing;100;False;4;0;300;2;True;0;7.0;7.0;False;0;1.0;50.0;23,0;25,0;adb1fb0d-b0d2-481b-a5be-aab4343e974c
280;280;2019-01-01T11:04:40.0000000+01:00;10;green;standing;100;False;5;0;0;0;False;0;10.0;19.0;False;0;1.0;1.0;10,0;6,0;a3a654c1-2f8b-402c-8125-b2e7b201bfa2
280;280;2019-01-01T11:04:40.0000000+01:00;10;red;standing;100;False;4;0;300;2;True;0;7.0;7.0;False;0;1.0;50.0;23,0;25,0;adb1fb0d-b0d2-481b-a5be-aab4343e974c
281;281;2019-01-01T11:04:41.0000000+01:00;10;green;standing;100;False;5;0;0;0;False;0;10.0;19.0;False;0;1.0;1.0;11,0;6,0;a3a654c1-2f8b-402c-8125-b2e7b201bfa2
281;281;2019-01-01T11:04:41.0000000+01:00;10;red;standing;100;False;4;0;300;2;True;0;7.0;7.0;False;0;1.0;50.0;23,0;25,0;adb1fb0d-b0d2-481b-a5be-aab4343e974c
282;282;2019-01-01T11:04:42.0000000+01:00;10;green;standing;100;False;5;0;0;0;False;0;10.0;19.0;False;0;1.0;1.0;12,0;6,0;a3a654c1-2f8b-402c-8125-b2e7b201bfa2
282;282;2019-01-01T11:04:42.0000000+01:00;10;red;standing;100;False;4;0;300;2;True;0;7.0;7.0;False;0;1.0;50.0;23,0;25,0;adb1fb0d-b0d2-481b-a5be-aab4343e974c
283;283;2019-01-01T11:04:43.0000000+01:00;10;green;standing;100;False;5;0;0;0;False;0;10.0;19.0;False;0;1.0;1.0;13,0;6,0;a3a654c1-2f8b-402c-8125-b2e7b201bfa2
283;283;2019-01-01T11:04:43.0000000+01:00;10;red;standing;100;False;4;0;300;2;True;0;7.0;7.0;False;0;1.0;50.0;23,0;25,0;adb1fb0d-b0d2-481b-a5be-aab4343e974c
284;284;2019-01-01T11:04:44.0000000+01:00;10;green;standing;100;False;5;0;0;0;False;0;10.0;19.0;False;0;1.0;1.0;14,0;6,0;a3a654c1-2f8b-402c-8125-b2e7b201bfa2
284;284;2019-01-01T11:04:44.0000000+01:00;10;red;standing;100;False;4;0;300;2;True;0;7.0;7.0;False;0;1.0;50.0;23,0;25,0;adb1fb0d-b0d2-481b-a5be-aab4343e974c
285;285;2019-01-01T11:04:45.0000000+01:00;10;green;standing;100;False;5;0;0;0;False;0;10.0;19.0;False;0;1.0;1.0;15,0;7,0;a3a654c1-2f8b-402c-8125-b2e7b201bfa2
285;285;2019-01-01T11:04:45.0000000+01:00;10;red;standing;100;False;4;0;300;2;True;0;7.0;7.0;False;0;1.0;50.0;23,0;25,0;adb1fb0d-b0d2-481b-a5be-aab4343e974c
286;286;2019-01-01T11:04:46.0000000+01:00;10;green;standing;100;False;5;0;0;0;False;0;10.0;19.0;False;0;1.0;1.0;15,0;8,0;a3a654c1-2f8b-402c-8125-b2e7b201bfa2
286;286;2019-01-01T11:04:46.0000000+01:00;10;red;standing;100;False;4;0;300;2;True;0;7.0;7.0;False;0;1.0;50.0;23,0;25,0;adb1fb0d-b0d2-481b-a5be-aab4343e974c
287;287;2019-01-01T11:04:47.0000000+01:00;10;green;standing;100;False;5;0;0;0;False;0;10.0;19.0;False;0;1.0;1.0;15,0;9,0;a3a654c1-2f8b-402c-8125-b2e7b201bfa2
287;287;2019-01-01T11:04:47.0000000+01:00;10;red;standing;100;False;4;0;300;2;True;0;7.0;7.0;False;0;1.0;50.0;23,0;25,0;adb1fb0d-b0d2-481b-a5be-aab4343e974c
288;288;2019-01-01T11:04:48.0000000+01:00;10;green;standing;100;False;5;0;0;0;False;0;10.0;19.0;False;0;1.0;1.0;15,0;10,0;a3a654c1-2f8b-402c-8125-b2e7b201bfa2
288;288;2019-01-01T11:04:48.0000000+01:00;10;red;standing;100;False;4;0;300;2;True;0;7.0;7.0;False;0;1.0;50.0;23,0;25,0;adb1fb0d-b0d2-481b-a5be-aab4343e974c
289;289;2019-01-01T11:04:49.0000000+01:00;10;green;standing;100;False;5;0;0;0;False;0;10.0;19.0;False;0;1.0;1.0;15,0;11,0;a3a654c1-2f8b-402c-8125-b2e7b201bfa2
289;289;2019-01-01T11:04:49.0000000+01:00;10;red;standing;100;False;4;0;300;2;True;0;7.0;7.0;False;0;1.0;50.0;23,0;25,0;adb1fb0d-b0d2-481b-a5be-aab4343e974c
290;290;2019-01-01T11:04:50.0000000+01:00;10;green;standing;100;False;5;0;0;0;False;0;10.0;19.0;False;0;1.0;1.0;15,0;12,0;a3a654c1-2f8b-402c-8125-b2e7b201bfa2
290;290;2019-01-01T11:04:50.0000000+01:00;10;red;standing;100;False;4;0;300;2;True;0;7.0;7.0;False;0;1.0;50.0;23,0;25,0;adb1fb0d-b0d2-481b-a5be-aab4343e974c
291;291;2019-01-01T11:04:51.0000000+01:00;10;green;standing;100;False;5;0;0;0;False;0;10.0;19.0;False;0;1.0;1.0;15,0;13,0;a3a654c1-2f8b-402c-8125-b2e7b201bfa2
291;291;2019-01-01T11:04:51.0000000+01:00;10;red;standing;100;False;4;0;300;2;True;0;7.0;7.0;False;0;1.0;50.0;23,0;25,0;adb1fb0d-b0d2-481b-a5be-aab4343e974c
292;292;2019-01-01T11:04:52.0000000+01:00;10;green;standing;100;False;5;0;0;0;False;0;10.0;19.0;False;0;1.0;1.0;15,0;14,0;a3a654c1-2f8b-402c-8125-b2e7b201bfa2
292;292;2019-01-01T11:04:52.0000000+01:00;10;red;standing;100;False;4;0;300;2;True;0;7.0;7.0;False;0;1.0;50.0;23,0;25,0;adb1fb0d-b0d2-481b-a5be-aab4343e974c
293;293;2019-01-01T11:04:53.0000000+01:00;10;green;standing;100;False;5;0;0;0;False;0;10.0;19.0;False;0;1.0;1.0;16,0;15,0;a3a654c1-2f8b-402c-8125-b2e7b201bfa2
293;293;2019-01-01T11:04:53.0000000+01:00;10;red;standing;100;False;4;0;300;2;True;0;7.0;7.0;False;0;1.0;50.0;23,0;25,0;adb1fb0d-b0d2-481b-a5be-aab4343e974c
294;294;2019-01-01T11:04:54.0000000+01:00;10;green;standing;100;False;5;0;0;0;False;0;10.0;19.0;False;0;1.0;1.0;17,0;16,0;a3a654c1-2f8b-402c-8125-b2e7b201bfa2
294;294;2019-01-01T11:04:54.0000000+01:00;10;red;standing;100;False;4;0;300;2;True;0;7.0;7.0;False;0;1.0;50.0;23,0;25,0;adb1fb0d-b0d2-481b-a5be-aab4343e974c
295;295;2019-01-01T11:04:55.0000000+01:00;10;green;standing;100;False;5;0;0;0;False;0;10.0;19.0;False;0;1.0;1.0;18,0;17,0;a3a654c1-2f8b-402c-8125-b2e7b201bfa2
295;295;2019-01-01T11:04:55.0000000+01:00;10;red;standing;100;False;4;0;300;2;True;0;7.0;7.0;False;0;1.0;50.0;23,0;25,0;adb1fb0d-b0d2-481b-a5be-aab4343e974c
296;296;2019-01-01T11:04:56.0000000+01:00;10;green;standing;100;False;5;0;0;0;False;0;10.0;19.0;False;0;1.0;1.0;19,0;18,0;a3a654c1-2f8b-402c-8125-b2e7b201bfa2
296;296;2019-01-01T11:04:56.0000000+01:00;10;red;standing;100;False;4;0;300;2;True;0;7.0;7.0;False;0;1.0;50.0;23,0;25,0;adb1fb0d-b0d2-481b-a5be-aab4343e974c
297;297;2019-01-01T11:04:57.0000000+01:00;10;green;standing;100;False;5;0;0;0;False;0;10.0;19.0;False;0;1.0;1.0;20,0;19,0;a3a654c1-2f8b-402c-8125-b2e7b201bfa2
297;297;2019-01-01T11:04:57.0000000+01:00;10;red;standing;100;False;3;0;300;2;True;0;7.0;7.0;False;0;1.0;50.0;23,0;25,0;adb1fb0d-b0d2-481b-a5be-aab4343e974c
298;298;2019-01-01T11:04:58.0000000+01:00;10;green;standing;90;False;5;0;0;0;False;0;10.0;19.0;True;1;1.0;1.0;20,0;20,0;a3a654c1-2f8b-402c-8125-b2e7b201bfa2
298;298;2019-01-01T11:04:58.0000000+01:00;10;red;standing;100;False;2;0;310;2;True;1;7.0;7.0;False;0;1.0;50.0;23,0;25,0;adb1fb0d-b0d2-481b-a5be-aab4343e974c
299;299;2019-01-01T11:04:59.0000000+01:00;10;green;standing;90;False;5;0;0;0;False;0;10.0;19.0;True;0;1.0;1.0;21,0;21,0;a3a654c1-2f8b-402c-8125-b2e7b201bfa2
299;299;2019-01-01T11:04:59.0000000+01:00;10;red;standing;100;False;1;0;310;2;True;0;7.0;7.0;False;0;1.0;50.0;23,0;25,0;adb1fb0d-b0d2-481b-a5be-aab4343e974c
300;300;2019-01-01T11:05:00.0000000+01:00;10;green;standing;90;False;5;0;0;1;False;0;10.0;19.0;True;0;1.0;1.0;22,0;22,0;a3a654c1-2f8b-402c-8125-b2e7b201bfa2
300;300;2019-01-01T11:05:00.0000000+01:00;10;red;standing;100;False;0;0;310;2;True;0;7.0;7.0;False;0;1.0;50.0;23,0;25,0;adb1fb0d-b0d2-481b-a5be-aab4343e974c
